Date,Stock,Sector,Open,High,Low,Close,Volume,Turnover,Trades,Delivery %
2025-12-22,HDFCBANK,Banking,1658.62,1667.02,1638.37,1650.0,139367,229955550.0,9291,37.14
2025-12-23,HDFCBANK,Banking,1658.91,1666.58,1649.02,1656.31,447915,741886093.65,18663,60.27
2025-12-24,HDFCBANK,Banking,1654.79,1672.84,1640.53,1666.74,89470,149123227.8,4970,72.85
2025-12-25,HDFCBANK,Banking,1685.15,1697.16,1675.08,1687.46,376113,634675642.98,15044,39.68
2025-12-26,HDFCBANK,Banking,1718.1,1723.78,1710.92,1715.27,183844,315342097.88,8754,52.04
2025-12-29,HDFCBANK,Banking,1694.08,1699.09,1693.65,1697.51,169313,287410510.63,7696,49.97
2025-12-30,HDFCBANK,Banking,1676.3,1682.28,1663.58,1668.6,321275,536079465.0,11078,54.27
2025-12-31,HDFCBANK,Banking,1700.88,1704.9,1686.44,1690.88,90582,153163292.16,3235,54.71
2026-01-01,HDFCBANK,Banking,1720.45,1727.69,1710.18,1720.58,107622,185172260.76,7174,62.24
2026-01-02,HDFCBANK,Banking,1712.91,1717.89,1708.7,1716.62,159113,273136558.06,10607,43.94
2026-01-05,HDFCBANK,Banking,1706.97,1720.54,1695.53,1706.49,167238,285389974.62,10452,41.65
2026-01-06,HDFCBANK,Banking,1697.2,1705.55,1681.4,1701.98,114593,195034994.14,4583,46.24
2026-01-07,HDFCBANK,Banking,1715.95,1720.37,1696.83,1701.05,120608,205160238.4,5025,50.53
2026-01-08,HDFCBANK,Banking,1686.49,1695.63,1684.76,1691.61,110679,187225703.19,4427,62.93
2026-01-09,HDFCBANK,Banking,1647.46,1670.27,1636.4,1660.16,264411,438964565.76,9793,40.33
2026-01-12,HDFCBANK,Banking,1642.09,1642.4,1622.25,1631.1,273369,445892175.9,14387,36.05
2026-01-13,HDFCBANK,Banking,1611.14,1616.93,1603.35,1603.57,320275,513583381.75,16013,68.17
2026-01-14,HDFCBANK,Banking,1588.29,1601.2,1578.72,1592.71,423269,674144768.99,22277,74.87
2026-01-15,HDFCBANK,Banking,1617.89,1627.5,1601.61,1608.14,73162,117654738.68,2612,45.06
2026-01-16,HDFCBANK,Banking,1605.13,1615.56,1595.49,1610.75,208397,335675467.75,13024,49.33
2026-01-19,HDFCBANK,Banking,1606.19,1610.61,1588.58,1604.06,172445,276612126.7,6897,47.31
2026-01-20,HDFCBANK,Banking,1604.95,1628.87,1590.2,1608.57,133926,215429345.82,4783,63.16
2026-01-21,HDFCBANK,Banking,1587.84,1596.92,1587.53,1590.6,335095,533002107.0,13403,38.64
2026-01-22,HDFCBANK,Banking,1603.32,1619.6,1588.85,1601.01,154540,247420085.4,5519,59.88
2026-01-23,HDFCBANK,Banking,1574.71,1593.17,1565.02,1585.51,160115,253863933.65,8427,48.9
2026-01-26,HDFCBANK,Banking,1587.72,1589.13,1575.11,1585.34,58031,91998865.54,2763,40.12
2026-01-27,HDFCBANK,Banking,1642.1,1660.03,1630.21,1649.37,140737,232127385.69,8278,55.61
2026-01-28,HDFCBANK,Banking,1639.75,1649.69,1628.02,1639.25,124946,204817730.5,7809,46.14
2026-01-29,HDFCBANK,Banking,1664.93,1668.8,1659.37,1665.64,89416,148934866.24,3193,48.2
2026-01-30,HDFCBANK,Banking,1667.58,1678.75,1649.42,1671.76,147471,246536118.96,6703,69.94
2026-02-02,HDFCBANK,Banking,1684.17,1689.46,1673.77,1678.45,217456,364989023.2,7498,56.46
2026-02-03,HDFCBANK,Banking,1663.06,1671.89,1653.79,1663.29,361694,601602013.26,22605,64.9
2026-02-04,HDFCBANK,Banking,1714.43,1724.6,1686.14,1710.49,284869,487265575.81,10550,69.69
2026-02-05,HDFCBANK,Banking,1690.2,1698.19,1680.26,1698.15,127467,216458086.05,4902,35.8
2026-02-06,HDFCBANK,Banking,1668.62,1680.82,1664.15,1675.73,136571,228856121.83,9104,48.72
2026-02-09,HDFCBANK,Banking,1669.02,1690.12,1662.17,1683.68,482348,812119680.64,26797,56.48
2026-02-10,HDFCBANK,Banking,1673.98,1685.06,1660.7,1663.84,147979,246213379.36,6433,48.5
2026-02-11,HDFCBANK,Banking,1708.76,1721.61,1698.74,1707.22,71754,122499863.88,3587,59.23
2026-02-12,HDFCBANK,Banking,1637.75,1647.15,1631.81,1640.12,119014,195197241.68,6611,69.03
2026-02-13,HDFCBANK,Banking,1629.91,1642.5,1620.68,1628.78,203965,332214112.7,10198,61.75
2026-02-16,HDFCBANK,Banking,1607.72,1619.38,1607.07,1607.08,213561,343209611.88,8213,43.2
2026-02-17,HDFCBANK,Banking,1617.58,1621.71,1596.44,1613.45,185902,299943581.9,6639,46.55
2026-02-18,HDFCBANK,Banking,1627.64,1644.58,1605.91,1635.09,72729,118918460.61,4848,49.77
2026-02-19,HDFCBANK,Banking,1648.68,1650.06,1633.85,1635.16,182559,298513174.44,8298,67.39
2026-02-20,HDFCBANK,Banking,1618.66,1621.27,1602.64,1613.27,334631,539850153.37,15210,59.24
2026-02-23,HDFCBANK,Banking,1575.53,1585.51,1565.52,1576.87,224560,354101927.2,14035,39.97
2026-02-24,HDFCBANK,Banking,1577.37,1585.68,1566.11,1576.3,358637,565319503.1,13282,40.59
2026-02-25,HDFCBANK,Banking,1554.23,1568.47,1547.94,1557.93,138755,216170577.15,7302,44.43
2026-02-26,HDFCBANK,Banking,1584.92,1594.0,1568.44,1580.23,69311,109527321.53,4331,67.66
2026-02-27,HDFCBANK,Banking,1574.95,1591.04,1573.99,1587.9,136522,216783283.8,6501,52.55
2026-03-02,HDFCBANK,Banking,1536.66,1560.55,1525.81,1548.18,50523,78218698.14,2659,71.26
2026-03-03,HDFCBANK,Banking,1582.22,1597.15,1573.52,1587.84,216310,343465670.4,9832,62.75
2026-03-04,HDFCBANK,Banking,1603.17,1611.03,1580.39,1592.31,269668,429395053.08,10786,64.76
2026-03-05,HDFCBANK,Banking,1549.84,1555.37,1539.43,1549.4,192303,297954268.2,12820,39.12
2026-03-06,HDFCBANK,Banking,1549.57,1574.6,1531.33,1563.61,102046,159560146.06,3518,66.89
2026-03-09,HDFCBANK,Banking,1569.12,1577.06,1556.74,1571.81,264812,416234149.72,9131,58.94
2026-03-10,HDFCBANK,Banking,1613.09,1623.66,1588.47,1602.16,194674,311898895.84,6952,71.34
2026-03-11,HDFCBANK,Banking,1564.7,1590.86,1553.8,1575.91,158293,249455521.63,6088,71.47
2026-03-12,HDFCBANK,Banking,1575.29,1578.74,1566.11,1569.84,180286,283020174.24,10015,66.6
2026-03-13,HDFCBANK,Banking,1580.64,1598.57,1575.71,1584.46,127046,201299305.16,7058,39.99
2026-03-16,HDFCBANK,Banking,1632.43,1643.16,1610.79,1616.02,152253,246043893.06,6619,43.22
2026-03-17,HDFCBANK,Banking,1592.29,1606.55,1582.32,1589.27,101339,161055032.53,4222,71.79
2026-03-18,HDFCBANK,Banking,1573.64,1583.56,1567.36,1581.8,374936,593073764.8,14997,36.31
2026-03-19,HDFCBANK,Banking,1555.12,1565.55,1552.92,1556.31,186948,290949041.88,9839,71.59
2026-03-20,HDFCBANK,Banking,1533.54,1534.36,1523.96,1526.94,210730,321772066.2,11707,53.36
2026-03-23,HDFCBANK,Banking,1575.34,1584.05,1566.85,1568.39,175333,274990523.87,8349,58.82
2026-03-24,HDFCBANK,Banking,1598.98,1606.86,1589.95,1598.89,151421,242105522.69,5407,42.63
2026-03-25,HDFCBANK,Banking,1578.33,1583.86,1573.81,1578.54,171650,270956391.0,6130,63.56
2026-03-26,HDFCBANK,Banking,1626.94,1644.59,1605.95,1611.28,27334,44042727.52,1607,41.21
2026-03-27,HDFCBANK,Banking,1654.79,1661.8,1645.35,1652.87,211902,350246458.74,8829,70.9
2026-03-30,HDFCBANK,Banking,1668.83,1677.8,1652.42,1659.44,271615,450728795.6,11809,43.88
2026-03-31,HDFCBANK,Banking,1646.58,1649.24,1636.21,1641.84,207873,341294206.32,13858,57.27
2026-04-01,HDFCBANK,Banking,1668.14,1679.6,1654.03,1662.41,167843,279023881.63,5994,68.21
2026-04-02,HDFCBANK,Banking,1695.01,1698.36,1678.82,1683.92,101856,171517355.52,6366,35.52
2026-04-03,HDFCBANK,Banking,1690.38,1719.27,1688.22,1701.75,108211,184148069.25,6763,49.52
2026-04-06,HDFCBANK,Banking,1669.86,1674.85,1648.93,1661.98,135877,225824856.46,7992,72.94
2026-04-07,HDFCBANK,Banking,1687.1,1701.27,1678.85,1690.79,282561,477751313.19,10091,53.84
2026-04-08,HDFCBANK,Banking,1677.41,1679.47,1660.46,1677.84,170050,285316692.0,10628,60.34
2026-04-09,HDFCBANK,Banking,1668.32,1678.75,1666.43,1672.49,171169,286278440.81,8150,62.33
2026-04-10,HDFCBANK,Banking,1621.83,1636.32,1612.98,1621.05,321122,520554818.1,20070,57.17
2026-04-13,HDFCBANK,Banking,1576.98,1587.1,1561.45,1570.51,266024,417793352.24,10231,60.32
2026-04-14,HDFCBANK,Banking,1581.1,1587.98,1557.53,1563.83,288235,450750540.05,10294,55.76
2026-04-15,HDFCBANK,Banking,1549.26,1560.1,1548.18,1551.42,217621,337621571.82,11453,68.48
2026-04-16,HDFCBANK,Banking,1607.97,1615.41,1591.07,1602.68,344719,552474246.92,17235,54.04
2026-04-17,HDFCBANK,Banking,1574.89,1583.64,1567.98,1571.79,230995,363075631.05,12833,56.59
2026-04-20,HDFCBANK,Banking,1553.86,1560.32,1542.6,1552.1,96334,149520001.4,6020,39.26
2026-04-21,HDFCBANK,Banking,1547.8,1553.98,1529.79,1546.69,158953,245851015.57,6623,53.39
2026-04-22,HDFCBANK,Banking,1591.64,1596.76,1576.43,1585.39,430600,682668934.0,16561,56.68
2026-04-23,HDFCBANK,Banking,1571.73,1582.47,1558.86,1569.34,279397,438468887.98,13969,60.49
2026-04-24,HDFCBANK,Banking,1588.15,1600.99,1571.01,1579.59,134424,212334806.16,5601,58.53
2026-04-27,HDFCBANK,Banking,1577.2,1596.23,1567.62,1589.61,121341,192884867.01,7137,71.98
2026-04-28,HDFCBANK,Banking,1583.85,1591.39,1571.05,1576.73,253535,399756240.55,10563,60.78
2026-04-29,HDFCBANK,Banking,1593.49,1616.45,1589.61,1601.65,641098,1026814611.7,37711,62.85
2026-04-30,HDFCBANK,Banking,1601.69,1605.4,1586.61,1593.68,130631,208184012.08,8708,56.54
2026-05-01,HDFCBANK,Banking,1587.26,1599.18,1574.84,1579.49,234396,370226138.04,9015,44.32
2026-05-04,HDFCBANK,Banking,1579.4,1587.52,1561.26,1574.91,115645,182130466.95,4283,36.5
2026-05-05,HDFCBANK,Banking,1560.88,1565.64,1540.25,1544.83,76067,117510583.61,2716,51.71
2026-05-06,HDFCBANK,Banking,1562.39,1567.75,1546.77,1552.58,141366,219482024.28,5048,46.88
2026-05-07,HDFCBANK,Banking,1571.14,1582.5,1567.94,1568.29,223756,350914297.24,11776,74.51
2026-05-08,HDFCBANK,Banking,1581.95,1596.48,1579.12,1594.28,228962,365029537.36,9540,66.92
2026-05-11,HDFCBANK,Banking,1575.08,1575.71,1559.76,1571.54,180557,283752547.78,11284,41.68
2026-05-12,HDFCBANK,Banking,1582.97,1593.22,1572.64,1581.92,555514,878778706.88,23146,36.88
2026-05-13,HDFCBANK,Banking,1542.29,1552.1,1532.19,1544.86,295697,456810467.42,14080,70.35
2026-05-14,HDFCBANK,Banking,1535.48,1540.05,1524.14,1537.78,274928,422778779.84,12496,70.9
2026-05-15,HDFCBANK,Banking,1548.15,1552.8,1531.76,1534.43,104905,160969379.15,4196,40.18
2026-05-18,HDFCBANK,Banking,1538.83,1548.07,1526.35,1537.07,444676,683498139.32,17787,46.26
2026-05-19,HDFCBANK,Banking,1533.81,1543.41,1523.61,1535.26,165949,254774861.74,6146,70.78
2026-05-20,HDFCBANK,Banking,1564.82,1577.48,1556.02,1564.55,250546,391991744.3,11388,62.12
2026-05-21,HDFCBANK,Banking,1550.59,1570.8,1541.72,1560.83,189619,295963023.77,8619,44.81
2026-05-22,HDFCBANK,Banking,1555.37,1563.56,1553.05,1557.03,112279,174821771.37,5909,62.21
2026-05-25,HDFCBANK,Banking,1578.71,1589.68,1562.97,1570.03,175142,274978194.26,7005,44.15
2026-05-26,HDFCBANK,Banking,1553.62,1562.99,1539.84,1543.94,119669,184761755.86,4432,59.68
2026-05-27,HDFCBANK,Banking,1533.96,1542.04,1522.67,1533.81,82857,127086895.17,3766,67.75
2026-05-28,HDFCBANK,Banking,1547.21,1554.26,1539.69,1549.63,138004,213855138.52,8625,48.67
2026-05-29,HDFCBANK,Banking,1600.77,1609.67,1591.04,1596.89,179341,286387849.49,7173,41.66
2026-06-01,HDFCBANK,Banking,1612.43,1625.22,1602.91,1607.59,159406,256259491.54,7245,36.83
2026-06-02,HDFCBANK,Banking,1626.42,1631.99,1616.56,1624.04,58828,95539025.12,3460,45.1
2026-06-03,HDFCBANK,Banking,1615.4,1623.24,1596.7,1611.03,171757,276705679.71,6870,43.83
2026-06-04,HDFCBANK,Banking,1584.15,1589.39,1580.78,1582.61,251759,398436310.99,16783,73.53
2026-06-05,HDFCBANK,Banking,1603.21,1620.47,1589.6,1615.14,102266,165173907.24,6391,43.52
2026-06-08,HDFCBANK,Banking,1639.75,1646.82,1626.39,1639.26,137106,224752381.56,5484,73.73
2026-06-09,HDFCBANK,Banking,1655.87,1663.01,1642.31,1654.09,233577,386357379.93,8342,56.21
2026-06-10,HDFCBANK,Banking,1644.14,1651.09,1624.5,1640.77,344730,565622642.1,19151,52.21
2026-06-11,HDFCBANK,Banking,1687.56,1689.02,1678.47,1687.83,115783,195422020.89,6093,58.61
2026-06-12,HDFCBANK,Banking,1655.21,1663.28,1645.57,1653.25,90314,149311620.5,3225,50.7
2026-06-15,HDFCBANK,Banking,1690.48,1696.42,1660.42,1673.93,94200,157684206.0,6280,73.11
2026-06-16,HDFCBANK,Banking,1713.26,1724.24,1706.12,1711.49,202472,346528803.28,7787,74.47
2026-06-17,HDFCBANK,Banking,1690.46,1693.06,1674.38,1690.48,252377,426638270.96,10515,66.03
2026-06-18,HDFCBANK,Banking,1706.72,1715.72,1698.33,1699.76,93558,159026146.08,4677,57.7
2026-06-19,HDFCBANK,Banking,1723.55,1735.39,1710.72,1716.76,130288,223673226.88,8685,73.06
2025-12-22,ICICIBANK,Banking,1100.79,1108.78,1091.73,1100.0,403400,443740000.0,14407,61.31
2025-12-23,ICICIBANK,Banking,1125.76,1132.79,1119.05,1126.05,200979,226312402.95,7443,46.55
2025-12-24,ICICIBANK,Banking,1141.94,1144.96,1131.77,1140.56,151837,173179208.72,5623,66.91
2025-12-25,ICICIBANK,Banking,1138.58,1143.38,1126.67,1132.74,97310,110226929.4,4230,48.14
2025-12-26,ICICIBANK,Banking,1170.23,1181.65,1162.77,1164.0,278090,323696760.0,10299,52.95
2025-12-29,ICICIBANK,Banking,1173.27,1177.49,1161.62,1176.28,269657,317192135.96,11235,65.37
2025-12-30,ICICIBANK,Banking,1195.21,1201.3,1180.25,1180.38,177279,209256586.02,9848,59.32
2025-12-31,ICICIBANK,Banking,1202.89,1210.98,1194.54,1199.63,198003,237530338.89,7920,50.2
2026-01-01,ICICIBANK,Banking,1240.0,1241.44,1235.54,1240.48,131444,163053653.12,7302,45.27
2026-01-02,ICICIBANK,Banking,1237.54,1244.55,1230.68,1242.45,326439,405584135.55,13601,59.41
2026-01-05,ICICIBANK,Banking,1270.93,1285.96,1268.32,1275.98,145463,185607878.74,5818,39.93
2026-01-06,ICICIBANK,Banking,1288.73,1296.7,1282.84,1287.03,104010,133863990.3,6934,57.69
2026-01-07,ICICIBANK,Banking,1293.91,1300.09,1282.52,1286.72,168020,216194694.4,7000,39.49
2026-01-08,ICICIBANK,Banking,1296.99,1305.08,1275.26,1283.91,290785,373341769.35,13217,51.44
2026-01-09,ICICIBANK,Banking,1248.79,1258.7,1245.24,1255.03,254603,319534403.09,14976,69.05
2026-01-12,ICICIBANK,Banking,1232.2,1240.47,1223.1,1227.15,202014,247901480.1,9619,58.46
2026-01-13,ICICIBANK,Banking,1207.37,1210.74,1200.1,1204.84,204182,246006640.88,13612,42.14
2026-01-14,ICICIBANK,Banking,1193.78,1202.21,1185.81,1198.88,89771,107624656.48,3903,50.64
2026-01-15,ICICIBANK,Banking,1222.61,1238.62,1219.44,1223.04,369371,451755507.84,18468,52.83
2026-01-16,ICICIBANK,Banking,1211.96,1216.13,1206.87,1206.93,274544,331355389.92,13073,65.9
2026-01-19,ICICIBANK,Banking,1217.38,1218.68,1213.32,1213.45,358784,435366444.8,23918,44.07
2026-01-20,ICICIBANK,Banking,1213.9,1222.11,1210.59,1216.75,165500,201372125.0,8710,37.8
2026-01-21,ICICIBANK,Banking,1220.54,1236.31,1208.25,1227.14,251522,308652707.08,9673,47.97
2026-01-22,ICICIBANK,Banking,1255.66,1257.38,1237.0,1249.52,200688,250763669.76,7167,48.34
2026-01-23,ICICIBANK,Banking,1222.44,1233.22,1215.92,1226.49,196610,241140198.9,6779,43.04
2026-01-26,ICICIBANK,Banking,1212.61,1223.44,1200.79,1217.06,139610,169913746.6,9307,47.03
2026-01-27,ICICIBANK,Banking,1232.13,1239.81,1229.34,1232.23,141338,174160923.74,8314,41.1
2026-01-28,ICICIBANK,Banking,1228.25,1234.91,1207.7,1222.32,198126,242173372.32,12382,66.52
2026-01-29,ICICIBANK,Banking,1205.72,1215.37,1202.73,1204.28,164789,198452096.92,6103,36.45
2026-01-30,ICICIBANK,Banking,1181.22,1189.06,1177.81,1186.3,144431,171338495.3,5777,44.56
2026-02-02,ICICIBANK,Banking,1189.03,1195.11,1176.23,1182.83,155105,183462847.15,9694,55.63
2026-02-03,ICICIBANK,Banking,1158.89,1167.63,1152.81,1158.92,154903,179520184.76,9111,61.97
2026-02-04,ICICIBANK,Banking,1188.38,1195.25,1175.39,1180.01,129955,153348199.55,4641,38.24
2026-02-05,ICICIBANK,Banking,1159.25,1169.37,1157.06,1164.78,313807,365516117.46,17433,57.92
2026-02-06,ICICIBANK,Banking,1147.08,1155.26,1145.47,1146.51,145928,167307911.28,5032,54.48
2026-02-09,ICICIBANK,Banking,1161.2,1168.95,1148.97,1154.78,84464,97537337.92,3672,68.01
2026-02-10,ICICIBANK,Banking,1139.09,1149.66,1130.15,1142.74,29905,34173639.7,1031,73.52
2026-02-11,ICICIBANK,Banking,1147.7,1153.62,1144.9,1145.37,117799,134923440.63,4207,70.04
2026-02-12,ICICIBANK,Banking,1128.27,1132.36,1124.97,1125.0,305046,343176750.0,10518,37.45
2026-02-13,ICICIBANK,Banking,1111.23,1122.71,1105.18,1112.18,137510,152935871.8,5978,52.21
2026-02-16,ICICIBANK,Banking,1123.87,1135.59,1116.4,1127.07,102619,115658796.33,6841,55.38
2026-02-17,ICICIBANK,Banking,1140.66,1156.58,1133.25,1147.7,511110,586600947.0,24338,63.97
2026-02-18,ICICIBANK,Banking,1157.68,1170.11,1156.31,1159.69,318922,369850654.18,12756,51.57
2026-02-19,ICICIBANK,Banking,1197.5,1206.21,1191.0,1194.91,44554,53238020.14,2227,66.61
2026-02-20,ICICIBANK,Banking,1203.96,1212.85,1187.97,1195.59,89608,107134428.72,3318,35.48
2026-02-23,ICICIBANK,Banking,1201.43,1212.15,1200.37,1206.23,456014,550057767.22,25334,45.64
2026-02-24,ICICIBANK,Banking,1199.77,1209.64,1189.84,1201.64,212459,255299232.76,7868,50.78
2026-02-25,ICICIBANK,Banking,1201.88,1207.13,1191.27,1194.85,273745,327084213.25,18249,67.36
2026-02-26,ICICIBANK,Banking,1205.44,1211.05,1199.73,1206.39,175669,211925324.91,7984,53.46
2026-02-27,ICICIBANK,Banking,1237.38,1248.08,1223.27,1230.44,242740,298677005.6,8370,70.58
2026-03-02,ICICIBANK,Banking,1230.42,1236.09,1221.55,1225.46,156700,192029582.0,7122,38.39
2026-03-03,ICICIBANK,Banking,1236.63,1245.32,1235.44,1238.44,100126,124000043.44,4005,73.83
2026-03-04,ICICIBANK,Banking,1242.27,1248.06,1231.38,1247.64,178833,223119204.12,8128,45.6
2026-03-05,ICICIBANK,Banking,1225.42,1236.37,1220.93,1222.45,126597,154758502.65,8439,45.22
2026-03-06,ICICIBANK,Banking,1212.33,1219.0,1206.37,1213.36,216891,263166863.76,7479,73.74
2026-03-09,ICICIBANK,Banking,1241.15,1254.04,1234.73,1244.35,186147,231632019.45,9797,71.81
2026-03-10,ICICIBANK,Banking,1269.45,1277.4,1250.4,1257.56,103347,129965053.32,4493,49.89
2026-03-11,ICICIBANK,Banking,1246.49,1256.27,1238.09,1255.21,175229,219949193.09,6258,72.13
2026-03-12,ICICIBANK,Banking,1242.2,1256.26,1240.51,1242.43,287144,356756319.92,13673,68.86
2026-03-13,ICICIBANK,Banking,1267.99,1276.26,1262.6,1268.84,363550,461286782.0,16525,64.93
2026-03-16,ICICIBANK,Banking,1258.5,1272.26,1252.76,1265.05,135640,171591382.0,6782,74.39
2026-03-17,ICICIBANK,Banking,1240.67,1247.03,1231.44,1241.14,217282,269677381.48,7492,54.54
2026-03-18,ICICIBANK,Banking,1255.05,1259.92,1243.21,1257.18,127026,159694546.68,8468,55.33
2026-03-19,ICICIBANK,Banking,1211.3,1211.64,1199.8,1208.57,196925,237997647.25,6790,70.09
2026-03-20,ICICIBANK,Banking,1190.94,1201.8,1180.24,1196.65,184151,220364294.15,7082,64.06
2026-03-23,ICICIBANK,Banking,1214.1,1218.63,1200.9,1207.88,80801,97597911.88,2885,59.64
2026-03-24,ICICIBANK,Banking,1217.0,1221.55,1209.9,1219.51,336854,410796821.54,16842,68.92
2026-03-25,ICICIBANK,Banking,1218.4,1225.66,1207.97,1216.88,285240,347102851.2,16778,68.68
2026-03-26,ICICIBANK,Banking,1223.21,1229.39,1217.02,1222.08,101641,124213433.28,5646,63.88
2026-03-27,ICICIBANK,Banking,1248.22,1257.95,1246.17,1247.1,67480,84154308.0,3067,42.13
2026-03-30,ICICIBANK,Banking,1258.73,1262.67,1248.73,1260.83,143208,180560942.64,5304,60.69
2026-03-31,ICICIBANK,Banking,1259.18,1262.88,1245.22,1258.54,418029,526106217.66,14929,54.46
2026-04-01,ICICIBANK,Banking,1294.39,1306.93,1283.53,1286.13,197391,253870486.83,8972,48.37
2026-04-02,ICICIBANK,Banking,1272.99,1283.0,1262.77,1269.45,340702,432504153.9,12618,40.9
2026-04-03,ICICIBANK,Banking,1304.05,1308.58,1297.85,1307.8,153142,200279107.6,6125,67.05
2026-04-06,ICICIBANK,Banking,1285.27,1295.1,1278.28,1281.31,124247,159198923.57,6212,60.45
2026-04-07,ICICIBANK,Banking,1289.26,1298.54,1278.38,1291.07,139788,180476093.16,5591,64.6
2026-04-08,ICICIBANK,Banking,1295.39,1302.06,1285.1,1293.55,106120,137271526.0,3790,68.27
2026-04-09,ICICIBANK,Banking,1289.34,1289.73,1280.92,1288.61,151175,194805616.75,6298,69.11
2026-04-10,ICICIBANK,Banking,1267.13,1271.48,1266.12,1270.09,40010,50816300.9,2105,53.33
2026-04-13,ICICIBANK,Banking,1254.73,1266.44,1247.68,1260.33,134695,169760149.35,8418,71.38
2026-04-14,ICICIBANK,Banking,1246.86,1250.73,1240.83,1248.23,244379,305041199.17,12862,37.76
2026-04-15,ICICIBANK,Banking,1244.48,1250.44,1241.54,1244.98,107641,134010892.18,4140,66.49
2026-04-16,ICICIBANK,Banking,1265.72,1273.32,1254.99,1266.06,144401,182820330.06,7220,37.61
2026-04-17,ICICIBANK,Banking,1269.01,1277.99,1262.28,1271.69,92455,117574098.95,6163,65.87
2026-04-20,ICICIBANK,Banking,1251.97,1258.1,1244.39,1252.73,378869,474620562.37,17221,57.41
2026-04-21,ICICIBANK,Banking,1213.98,1225.79,1205.02,1221.62,86929,106194204.98,3622,42.65
2026-04-22,ICICIBANK,Banking,1218.85,1227.25,1214.98,1225.07,367567,450295304.69,15981,69.02
2026-04-23,ICICIBANK,Banking,1241.0,1257.12,1230.89,1235.97,175634,217078354.98,8781,56.95
2026-04-24,ICICIBANK,Banking,1249.33,1264.41,1243.97,1256.05,289278,363347631.9,15225,72.83
2026-04-27,ICICIBANK,Banking,1251.03,1260.68,1246.24,1248.85,98236,122682028.6,3638,64.97
2026-04-28,ICICIBANK,Banking,1239.67,1243.31,1229.95,1235.0,108284,133730740.0,6369,37.08
2026-04-29,ICICIBANK,Banking,1228.45,1239.93,1224.92,1231.55,126093,155289834.15,4348,65.34
2026-04-30,ICICIBANK,Banking,1203.61,1206.6,1197.67,1201.89,115352,138640415.28,4272,53.05
2026-05-01,ICICIBANK,Banking,1216.78,1222.58,1207.09,1212.5,803356,974069150.0,40167,49.88
2026-05-04,ICICIBANK,Banking,1214.97,1228.09,1209.36,1225.78,104967,128666449.26,4198,43.15
2026-05-05,ICICIBANK,Banking,1198.46,1214.06,1191.16,1207.3,322613,389490674.9,16979,47.49
2026-05-06,ICICIBANK,Banking,1201.29,1214.77,1195.11,1206.8,262610,316917748.0,10100,62.84
2026-05-07,ICICIBANK,Banking,1229.88,1243.03,1224.97,1233.05,133009,164006747.45,6045,70.76
2026-05-08,ICICIBANK,Banking,1231.42,1243.89,1217.64,1236.14,95438,117974729.32,4771,69.27
2026-05-11,ICICIBANK,Banking,1248.7,1252.91,1244.72,1247.0,159451,198835397.0,5694,60.39
2026-05-12,ICICIBANK,Banking,1214.46,1225.43,1208.27,1220.26,142420,173789429.2,9494,36.17
2026-05-13,ICICIBANK,Banking,1213.07,1223.62,1205.94,1215.51,156767,190551856.17,6029,69.33
2026-05-14,ICICIBANK,Banking,1197.14,1207.86,1193.96,1196.33,287776,344275062.08,11511,71.05
2026-05-15,ICICIBANK,Banking,1186.85,1203.03,1178.29,1193.19,122580,146261230.2,4714,48.41
2026-05-18,ICICIBANK,Banking,1196.61,1199.58,1190.05,1194.0,132540,158252760.0,5762,64.59
2026-05-19,ICICIBANK,Banking,1192.08,1193.7,1177.06,1189.95,72297,86029815.15,4819,68.66
2026-05-20,ICICIBANK,Banking,1209.2,1215.16,1204.49,1207.25,191411,231080929.75,11963,48.0
2026-05-21,ICICIBANK,Banking,1227.85,1237.03,1220.67,1230.14,142992,175900178.88,5499,74.67
2026-05-22,ICICIBANK,Banking,1263.44,1268.32,1255.02,1259.07,88766,111762607.62,4671,36.33
2026-05-25,ICICIBANK,Banking,1261.32,1262.64,1247.14,1256.15,227232,285437476.8,8416,70.95
2026-05-26,ICICIBANK,Banking,1233.18,1240.63,1228.57,1228.96,79696,97943196.16,2846,69.58
2026-05-27,ICICIBANK,Banking,1223.63,1243.67,1219.48,1234.36,155551,192005932.36,7070,36.09
2026-05-28,ICICIBANK,Banking,1240.63,1250.13,1228.03,1237.95,455169,563476463.55,17506,68.18
2026-05-29,ICICIBANK,Banking,1258.01,1262.84,1247.15,1254.7,117843,147857612.1,4364,37.73
2026-06-01,ICICIBANK,Banking,1249.5,1266.34,1240.46,1258.06,104510,131479850.6,4543,36.93
2026-06-02,ICICIBANK,Banking,1241.93,1254.51,1231.43,1237.23,149580,185064863.4,9972,46.41
2026-06-03,ICICIBANK,Banking,1220.54,1232.85,1213.14,1228.53,326628,401272296.84,17190,37.55
2026-06-04,ICICIBANK,Banking,1220.07,1230.43,1211.32,1218.38,224350,273343553.0,14956,37.59
2026-06-05,ICICIBANK,Banking,1240.68,1250.38,1234.76,1243.26,252143,313479306.18,8694,59.08
2026-06-08,ICICIBANK,Banking,1244.61,1255.08,1232.37,1245.29,314097,391141853.13,17449,66.55
2026-06-09,ICICIBANK,Banking,1259.3,1269.79,1247.38,1252.28,126588,158523620.64,4868,54.51
2026-06-10,ICICIBANK,Banking,1234.16,1240.86,1220.44,1232.07,220923,272192600.61,14728,45.76
2026-06-11,ICICIBANK,Banking,1256.95,1262.42,1243.12,1252.41,180416,225954802.56,10612,46.07
2026-06-12,ICICIBANK,Banking,1224.97,1237.75,1224.37,1231.9,238000,293192200.0,10818,58.63
2026-06-15,ICICIBANK,Banking,1255.47,1262.2,1245.25,1249.68,239838,299720751.84,11420,67.1
2026-06-16,ICICIBANK,Banking,1279.4,1296.28,1269.12,1276.95,148710,189895234.5,6465,67.67
2026-06-17,ICICIBANK,Banking,1271.76,1275.92,1257.16,1267.45,169937,215386650.65,8092,69.97
2026-06-18,ICICIBANK,Banking,1275.79,1281.94,1262.52,1266.16,76354,96676380.64,2936,64.19
2026-06-19,ICICIBANK,Banking,1272.83,1282.13,1261.52,1271.08,90878,115513208.24,6058,67.95
2025-12-22,SBIN,Banking,823.92,827.21,814.88,820.0,343162,281392840.0,12709,54.06
2025-12-23,SBIN,Banking,822.13,827.67,820.74,825.51,106408,87840868.08,5600,55.42
2025-12-24,SBIN,Banking,819.17,823.74,812.99,817.03,134019,109497543.57,4963,36.22
2025-12-25,SBIN,Banking,812.74,819.44,804.94,812.48,313048,254345239.04,12040,67.18
2025-12-26,SBIN,Banking,824.05,829.45,821.25,827.01,249773,206564768.73,11893,36.77
2025-12-29,SBIN,Banking,819.0,819.56,810.54,815.06,175013,142646095.78,10294,59.54
2025-12-30,SBIN,Banking,785.47,787.4,781.93,785.55,112145,88095504.75,4005,35.98
2025-12-31,SBIN,Banking,786.15,786.6,778.16,784.67,416739,327002591.13,26046,35.24
2026-01-01,SBIN,Banking,783.76,790.73,780.95,786.01,222827,175144250.27,11141,37.01
2026-01-02,SBIN,Banking,801.91,804.73,800.3,802.43,111110,89157997.3,5290,51.05
2026-01-05,SBIN,Banking,797.52,802.91,790.78,800.04,187197,149765087.88,12479,60.62
2026-01-06,SBIN,Banking,804.22,808.91,796.73,804.03,84591,68013701.73,4229,42.51
2026-01-07,SBIN,Banking,801.56,806.54,792.27,799.39,148274,118528752.86,7413,37.87
2026-01-08,SBIN,Banking,813.21,822.82,807.09,816.82,215286,175849910.52,9785,46.6
2026-01-09,SBIN,Banking,816.63,824.44,811.99,819.93,201536,165245412.48,7751,54.87
2026-01-12,SBIN,Banking,822.22,827.62,819.4,824.51,175637,144814462.87,6755,51.1
2026-01-13,SBIN,Banking,800.98,807.22,792.61,798.72,180689,144319918.08,8213,68.57
2026-01-14,SBIN,Banking,792.68,802.07,789.37,795.41,110329,87756789.89,6489,57.6
2026-01-15,SBIN,Banking,808.0,814.61,806.81,807.33,89811,72507114.63,4082,73.56
2026-01-16,SBIN,Banking,807.74,810.37,805.01,806.88,152186,122795839.68,6087,68.77
2026-01-19,SBIN,Banking,803.77,811.52,798.42,806.49,135942,109635863.58,7154,73.64
2026-01-20,SBIN,Banking,813.48,823.61,808.92,816.93,141161,115318655.73,5429,74.98
2026-01-21,SBIN,Banking,806.29,807.99,799.88,806.3,139474,112457886.2,8204,53.31
2026-01-22,SBIN,Banking,783.81,786.59,781.09,785.54,151162,118743797.48,6572,42.44
2026-01-23,SBIN,Banking,762.51,776.1,760.6,769.17,330552,254250681.84,16527,53.89
2026-01-26,SBIN,Banking,797.97,803.71,791.66,798.84,362625,289679355.0,22664,50.79
2026-01-27,SBIN,Banking,794.27,797.43,783.99,793.83,99093,78662996.19,5215,46.5
2026-01-28,SBIN,Banking,760.85,765.95,756.95,762.51,98607,75188823.57,3792,38.99
2026-01-29,SBIN,Banking,770.64,779.69,766.38,773.99,169594,131264060.06,9976,54.71
2026-01-30,SBIN,Banking,783.65,785.4,777.5,781.22,163981,128105236.82,6559,70.11
2026-02-02,SBIN,Banking,795.38,798.54,792.04,795.73,355964,283251233.72,12274,43.79
2026-02-03,SBIN,Banking,795.88,802.64,795.54,798.32,82720,66037030.4,4353,45.62
2026-02-04,SBIN,Banking,821.34,829.26,819.96,821.01,78138,64152079.38,3125,61.52
2026-02-05,SBIN,Banking,848.7,853.28,839.69,845.23,430112,363543565.76,19550,66.33
2026-02-06,SBIN,Banking,827.97,836.56,827.81,828.71,107554,89131075.34,6326,63.41
2026-02-09,SBIN,Banking,822.63,828.31,819.77,822.14,159316,130980056.24,6127,37.31
2026-02-10,SBIN,Banking,802.21,806.35,796.98,800.49,117593,94132020.57,4703,64.03
2026-02-11,SBIN,Banking,801.53,806.14,795.98,798.87,250790,200348607.3,14752,40.88
2026-02-12,SBIN,Banking,806.71,813.5,797.27,805.11,97973,78879042.03,3918,67.39
2026-02-13,SBIN,Banking,803.37,808.88,798.63,803.86,389456,313068100.16,13429,63.31
2026-02-16,SBIN,Banking,808.2,815.42,804.07,811.74,218007,176965002.18,7517,49.17
2026-02-17,SBIN,Banking,795.62,800.04,788.9,793.54,356528,282919229.12,12733,52.31
2026-02-18,SBIN,Banking,781.86,789.64,778.96,786.34,218442,171769682.28,10922,39.36
2026-02-19,SBIN,Banking,763.15,772.27,758.08,763.24,153843,117419131.32,5494,57.78
2026-02-20,SBIN,Banking,774.65,776.08,772.44,775.97,176050,136609518.5,8802,35.52
2026-02-23,SBIN,Banking,784.23,793.86,782.28,786.82,359192,282619449.44,22449,73.68
2026-02-24,SBIN,Banking,795.82,799.04,790.26,792.49,274843,217810329.07,9815,60.62
2026-02-25,SBIN,Banking,774.71,782.68,767.39,777.69,194425,151202378.25,9721,59.12
2026-02-26,SBIN,Banking,804.25,809.59,796.59,802.76,56481,45340687.56,1947,60.37
2026-02-27,SBIN,Banking,799.91,803.54,794.78,802.14,232594,186572951.16,9303,45.15
2026-03-02,SBIN,Banking,774.35,776.57,762.36,776.08,78299,60766287.92,3728,49.87
2026-03-03,SBIN,Banking,771.0,773.47,766.19,766.65,269347,206494877.55,16834,74.7
2026-03-04,SBIN,Banking,763.31,763.88,753.17,759.53,141938,107806169.14,9462,42.66
2026-03-05,SBIN,Banking,751.87,760.35,747.63,756.49,148048,111996831.52,5483,44.0
2026-03-06,SBIN,Banking,763.71,766.32,757.99,758.6,378661,287252234.6,14563,65.35
2026-03-09,SBIN,Banking,745.51,748.95,742.21,748.2,258028,193056549.6,14334,67.93
2026-03-10,SBIN,Banking,768.76,774.87,766.08,768.41,109497,84138589.77,6441,58.75
2026-03-11,SBIN,Banking,762.21,765.3,761.33,761.93,102167,77844102.31,6009,55.28
2026-03-12,SBIN,Banking,755.71,758.65,749.22,751.9,262725,197542927.5,16420,65.96
2026-03-13,SBIN,Banking,770.69,773.43,764.54,767.44,303733,233096853.52,15985,46.3
2026-03-16,SBIN,Banking,757.84,762.98,753.26,759.37,127565,96869034.05,5546,58.62
2026-03-17,SBIN,Banking,736.87,739.85,735.1,737.38,224764,165736478.32,10703,47.17
2026-03-18,SBIN,Banking,748.42,753.59,741.94,751.52,245309,184354619.68,12911,65.36
2026-03-19,SBIN,Banking,770.48,774.88,765.34,767.86,234945,180404867.7,13820,42.26
2026-03-20,SBIN,Banking,757.83,761.05,753.04,755.46,331434,250385129.64,17443,40.98
2026-03-23,SBIN,Banking,756.21,760.43,752.13,760.13,67872,51591543.36,4524,73.09
2026-03-24,SBIN,Banking,750.04,760.41,744.11,754.84,243210,183584636.4,12160,66.23
2026-03-25,SBIN,Banking,752.33,759.88,748.68,754.89,203680,153755995.2,12730,62.89
2026-03-26,SBIN,Banking,754.59,763.41,750.3,755.56,208745,157719372.2,9940,69.02
2026-03-27,SBIN,Banking,756.26,760.51,751.02,756.88,93253,70581330.64,4908,69.26
2026-03-30,SBIN,Banking,761.56,767.51,753.12,758.35,170073,128974859.55,11338,47.48
2026-03-31,SBIN,Banking,751.6,755.48,742.22,747.74,145782,109007032.68,9718,36.01
2026-04-01,SBIN,Banking,748.32,755.85,742.58,752.89,216989,163368848.21,9434,56.37
2026-04-02,SBIN,Banking,724.79,738.24,721.56,731.62,61440,44950732.8,2792,42.17
2026-04-03,SBIN,Banking,737.6,744.36,735.4,736.88,141501,104269256.88,5895,67.35
2026-04-06,SBIN,Banking,724.09,730.95,715.35,721.05,122949,88652376.45,5345,66.87
2026-04-07,SBIN,Banking,730.68,731.34,722.4,728.69,185465,135146490.85,10909,60.12
2026-04-08,SBIN,Banking,730.39,734.9,729.43,732.33,130963,95908133.79,5037,59.85
2026-04-09,SBIN,Banking,745.07,746.85,739.28,741.46,150877,111869260.42,6035,49.23
2026-04-10,SBIN,Banking,723.64,726.64,721.13,724.35,180931,131057369.85,6461,49.96
2026-04-13,SBIN,Banking,696.89,701.42,690.62,696.44,335792,233858980.48,11992,66.24
2026-04-14,SBIN,Banking,702.76,709.09,697.98,701.43,142396,99880826.28,5933,42.17
2026-04-15,SBIN,Banking,685.29,687.46,679.08,681.17,381078,259578901.26,15243,55.79
2026-04-16,SBIN,Banking,691.88,693.88,684.41,691.4,172753,119441424.2,10797,46.5
2026-04-17,SBIN,Banking,676.63,680.15,674.15,676.07,177799,120204569.93,6585,72.02
2026-04-20,SBIN,Banking,688.62,690.89,686.01,688.94,414708,285708929.52,24394,60.94
2026-04-21,SBIN,Banking,692.6,698.17,689.13,689.32,258598,178256773.36,14366,44.98
2026-04-22,SBIN,Banking,691.88,693.62,691.11,692.25,209722,145180054.5,12336,70.32
2026-04-23,SBIN,Banking,708.94,709.66,702.07,707.83,292083,206745109.89,11233,60.1
2026-04-24,SBIN,Banking,695.09,698.23,688.44,693.37,168297,116692090.89,7012,50.96
2026-04-27,SBIN,Banking,685.91,691.27,684.26,686.97,151681,104200296.57,6067,38.37
2026-04-28,SBIN,Banking,675.1,679.08,670.68,674.16,319123,215139961.68,12764,35.36
2026-04-29,SBIN,Banking,675.12,681.29,669.68,670.43,229774,154047382.82,12765,43.16
2026-04-30,SBIN,Banking,670.57,674.95,664.55,667.74,144195,96284769.3,5149,45.83
2026-05-01,SBIN,Banking,676.17,678.94,664.98,671.59,267947,179950525.73,16746,49.89
2026-05-04,SBIN,Banking,682.18,684.91,676.96,680.09,48841,33216275.69,1684,56.77
2026-05-05,SBIN,Banking,654.3,655.14,648.07,653.04,253633,165632494.32,9058,46.66
2026-05-06,SBIN,Banking,652.1,659.28,647.67,653.13,121429,79308922.77,5782,45.75
2026-05-07,SBIN,Banking,645.47,648.18,638.03,643.38,224267,144288902.46,11803,51.45
2026-05-08,SBIN,Banking,642.51,647.45,638.46,641.66,307438,197270667.08,19214,60.97
2026-05-11,SBIN,Banking,663.02,669.52,660.47,664.48,159100,105718768.0,8838,58.61
2026-05-12,SBIN,Banking,658.4,662.03,653.17,660.52,98394,64991204.88,4919,61.21
2026-05-13,SBIN,Banking,666.21,670.43,661.79,668.08,96816,64680833.28,4610,63.82
2026-05-14,SBIN,Banking,686.77,693.39,683.55,687.34,240356,165206293.04,10014,56.42
2026-05-15,SBIN,Banking,691.86,696.34,687.4,695.62,213978,148847376.36,10189,43.64
2026-05-18,SBIN,Banking,691.74,696.46,689.61,690.19,335881,231821707.39,13995,72.64
2026-05-19,SBIN,Banking,681.72,682.69,678.29,678.83,163925,111277207.75,8196,66.78
2026-05-20,SBIN,Banking,688.02,694.01,686.58,688.91,96029,66155338.39,3311,59.42
2026-05-21,SBIN,Banking,685.34,686.86,679.48,684.04,102811,70326836.44,3545,54.58
2026-05-22,SBIN,Banking,673.58,676.01,665.77,669.31,285035,190776775.85,10962,55.6
2026-05-25,SBIN,Banking,671.06,676.04,669.27,671.82,140934,94682279.88,7829,39.74
2026-05-26,SBIN,Banking,663.11,666.18,660.81,664.89,116964,77768193.96,4033,44.37
2026-05-27,SBIN,Banking,686.48,694.21,683.52,683.69,63578,43467642.82,3739,62.16
2026-05-28,SBIN,Banking,684.52,686.88,678.33,680.47,95713,65129825.11,3544,69.82
2026-05-29,SBIN,Banking,698.52,706.66,692.98,696.99,102904,71723058.96,3811,48.49
2026-06-01,SBIN,Banking,690.17,691.95,686.51,688.98,85629,58996668.42,5708,62.16
2026-06-02,SBIN,Banking,701.99,708.31,696.1,700.48,250681,175597026.88,14745,57.43
2026-06-03,SBIN,Banking,703.39,709.01,695.2,699.29,392114,274201399.06,26140,53.6
2026-06-04,SBIN,Banking,679.56,684.38,676.95,680.29,116222,79064664.38,5534,53.05
2026-06-05,SBIN,Banking,687.53,690.35,683.36,686.61,271493,186409808.73,14289,51.39
2026-06-08,SBIN,Banking,692.77,697.33,689.36,695.26,121282,84322523.32,4182,56.67
2026-06-09,SBIN,Banking,701.04,706.71,695.01,702.75,127267,89436884.25,4388,44.26
2026-06-10,SBIN,Banking,707.59,713.07,702.56,709.72,342793,243287047.96,16323,49.78
2026-06-11,SBIN,Banking,706.61,709.54,695.45,701.67,264078,185295610.26,10563,50.17
2026-06-12,SBIN,Banking,685.86,689.92,678.59,684.99,81271,55669822.29,5079,65.91
2026-06-15,SBIN,Banking,693.39,699.08,688.97,695.43,337024,234376600.32,17738,55.84
2026-06-16,SBIN,Banking,703.52,704.65,694.87,699.77,102846,71968545.42,4113,41.8
2026-06-17,SBIN,Banking,697.79,701.03,693.14,697.37,181497,126570562.89,8642,59.22
2026-06-18,SBIN,Banking,671.91,674.55,664.37,667.98,291006,194386187.88,10393,41.26
2026-06-19,SBIN,Banking,702.57,705.62,695.81,697.52,117472,81939069.44,4698,42.41
2025-12-22,KOTAKBANK,Banking,1777.48,1784.29,1775.62,1780.0,87054,154956120.0,5803,69.1
2025-12-23,KOTAKBANK,Banking,1804.09,1816.99,1798.64,1808.91,114412,206961010.92,6356,37.21
2025-12-24,KOTAKBANK,Banking,1821.6,1826.36,1805.84,1812.67,127768,231601220.56,5807,43.79
2025-12-25,KOTAKBANK,Banking,1822.96,1835.36,1809.19,1833.34,344650,631860631.0,12308,40.49
2025-12-26,KOTAKBANK,Banking,1877.05,1901.6,1864.32,1875.67,98515,184781630.05,3789,54.51
2025-12-29,KOTAKBANK,Banking,1878.87,1884.18,1864.32,1879.48,123652,232401460.96,5152,46.28
2025-12-30,KOTAKBANK,Banking,1897.9,1913.29,1884.82,1906.64,58705,111929301.2,2257,66.08
2025-12-31,KOTAKBANK,Banking,1915.95,1933.37,1899.34,1919.13,174278,334462138.14,11618,65.61
2026-01-01,KOTAKBANK,Banking,1920.59,1961.6,1906.68,1940.33,432877,839924229.41,21643,68.53
2026-01-02,KOTAKBANK,Banking,1903.71,1911.14,1896.28,1896.49,102515,194418672.35,5695,51.65
2026-01-05,KOTAKBANK,Banking,1875.62,1885.18,1849.66,1868.7,168913,315647723.1,6496,54.58
2026-01-06,KOTAKBANK,Banking,1850.18,1872.33,1847.79,1859.35,250670,466083264.5,10026,40.65
2026-01-07,KOTAKBANK,Banking,1852.12,1872.67,1847.91,1861.74,113831,211923725.94,4215,51.26
2026-01-08,KOTAKBANK,Banking,1899.88,1914.1,1879.88,1898.26,450231,854655498.06,16079,40.72
2026-01-09,KOTAKBANK,Banking,1917.39,1924.02,1902.66,1908.09,145036,276741741.24,9669,64.18
2026-01-12,KOTAKBANK,Banking,1886.44,1914.79,1876.24,1900.52,70670,134309748.4,3926,44.99
2026-01-13,KOTAKBANK,Banking,1906.84,1918.52,1887.32,1904.58,229680,437443934.4,11484,45.61
2026-01-14,KOTAKBANK,Banking,1878.38,1899.68,1874.62,1888.82,110000,207770200.0,4400,36.6
2026-01-15,KOTAKBANK,Banking,1860.02,1872.6,1849.09,1867.01,148202,276694616.02,7057,35.26
2026-01-16,KOTAKBANK,Banking,1853.32,1868.14,1830.98,1847.83,220493,407433580.19,7603,58.88
2026-01-19,KOTAKBANK,Banking,1854.6,1861.84,1840.04,1845.95,93432,172470800.4,4246,44.07
2026-01-20,KOTAKBANK,Banking,1889.13,1912.95,1882.14,1891.99,190465,360357875.35,10581,46.14
2026-01-21,KOTAKBANK,Banking,1858.4,1877.4,1851.5,1864.2,58485,109027737.0,2166,39.46
2026-01-22,KOTAKBANK,Banking,1866.86,1891.88,1859.86,1878.26,92500,173739050.0,4204,42.99
2026-01-23,KOTAKBANK,Banking,1862.4,1868.12,1858.81,1861.66,220343,410203749.38,9180,62.1
2026-01-26,KOTAKBANK,Banking,1864.41,1874.37,1853.16,1858.89,149774,278413390.86,7882,64.98
2026-01-27,KOTAKBANK,Banking,1855.49,1870.23,1849.64,1861.7,71637,133366602.9,3256,36.2
2026-01-28,KOTAKBANK,Banking,1853.81,1864.48,1844.51,1853.13,181199,335785302.87,12079,61.14
2026-01-29,KOTAKBANK,Banking,1870.03,1878.82,1852.92,1874.6,373256,699705697.6,20736,64.56
2026-01-30,KOTAKBANK,Banking,1844.82,1855.76,1830.11,1851.95,273536,506574995.2,13025,52.43
2026-02-02,KOTAKBANK,Banking,1851.1,1870.22,1844.22,1856.03,107986,200425255.58,4153,45.44
2026-02-03,KOTAKBANK,Banking,1849.4,1856.06,1829.31,1842.06,147967,272564092.02,5691,41.6
2026-02-04,KOTAKBANK,Banking,1856.96,1860.75,1846.68,1851.05,86668,160426801.4,3209,52.87
2026-02-05,KOTAKBANK,Banking,1829.33,1850.74,1808.79,1841.48,135112,248806045.76,5629,60.9
2026-02-06,KOTAKBANK,Banking,1787.64,1799.31,1782.18,1793.35,136854,245427120.9,5474,37.22
2026-02-09,KOTAKBANK,Banking,1820.63,1846.29,1806.44,1827.57,144599,264264794.43,8033,65.3
2026-02-10,KOTAKBANK,Banking,1804.56,1815.4,1796.32,1812.12,101364,183683731.68,6335,42.39
2026-02-11,KOTAKBANK,Banking,1804.65,1811.89,1794.39,1810.71,383208,693878557.68,19160,62.29
2026-02-12,KOTAKBANK,Banking,1806.54,1823.01,1800.2,1800.95,323483,582576708.85,16174,71.1
2026-02-13,KOTAKBANK,Banking,1787.47,1791.87,1766.69,1778.48,179854,319866741.92,6917,69.92
2026-02-16,KOTAKBANK,Banking,1770.89,1780.91,1741.43,1757.56,58421,102678412.76,3245,35.43
2026-02-17,KOTAKBANK,Banking,1767.67,1779.19,1754.62,1764.38,103153,182001090.14,4912,49.46
2026-02-18,KOTAKBANK,Banking,1798.98,1803.46,1787.0,1797.73,145577,261708140.21,9098,64.55
2026-02-19,KOTAKBANK,Banking,1785.08,1792.87,1780.74,1784.57,169183,301918906.31,7049,66.58
2026-02-20,KOTAKBANK,Banking,1787.89,1805.36,1778.63,1785.09,75896,135481190.64,2710,45.39
2026-02-23,KOTAKBANK,Banking,1771.73,1783.46,1765.16,1772.2,151292,268119682.4,8405,36.09
2026-02-24,KOTAKBANK,Banking,1759.97,1780.15,1751.01,1770.63,179604,318012230.52,7808,58.11
2026-02-25,KOTAKBANK,Banking,1814.89,1821.4,1798.53,1807.06,315810,570687618.6,11696,66.76
2026-02-26,KOTAKBANK,Banking,1798.06,1816.72,1791.45,1806.62,273842,494728434.04,10142,68.64
2026-02-27,KOTAKBANK,Banking,1790.61,1796.57,1779.05,1794.6,205013,367916329.8,8200,66.26
2026-03-02,KOTAKBANK,Banking,1735.79,1747.11,1727.85,1741.85,111365,193981125.25,6960,36.31
2026-03-03,KOTAKBANK,Banking,1726.28,1748.9,1715.3,1743.63,99593,173653342.59,6224,48.28
2026-03-04,KOTAKBANK,Banking,1752.06,1761.89,1735.15,1757.12,168526,296120405.12,5811,61.47
2026-03-05,KOTAKBANK,Banking,1726.08,1732.95,1723.39,1727.58,288346,498140782.68,11090,67.59
2026-03-06,KOTAKBANK,Banking,1748.09,1775.16,1741.79,1759.08,140871,247803358.68,7826,51.53
2026-03-09,KOTAKBANK,Banking,1787.92,1803.76,1771.67,1779.68,115879,206227538.72,6437,57.25
2026-03-10,KOTAKBANK,Banking,1775.01,1784.15,1756.28,1778.13,176399,313660353.87,10376,44.26
2026-03-11,KOTAKBANK,Banking,1744.48,1753.3,1722.49,1732.32,230121,398643210.72,10005,46.43
2026-03-12,KOTAKBANK,Banking,1699.3,1706.59,1696.75,1701.15,56504,96121779.6,2018,40.86
2026-03-13,KOTAKBANK,Banking,1697.69,1712.57,1689.36,1696.66,291357,494333767.62,16186,65.73
2026-03-16,KOTAKBANK,Banking,1692.59,1720.73,1682.58,1712.06,72668,124411976.08,3159,47.34
2026-03-17,KOTAKBANK,Banking,1715.32,1740.47,1707.23,1727.89,200747,346868733.83,8728,43.44
2026-03-18,KOTAKBANK,Banking,1741.47,1751.75,1736.49,1739.59,149247,259628588.73,7462,66.33
2026-03-19,KOTAKBANK,Banking,1706.47,1713.28,1690.88,1705.97,280371,478304514.87,18691,47.18
2026-03-20,KOTAKBANK,Banking,1691.56,1706.17,1678.78,1692.89,162239,274652780.71,7053,41.41
2026-03-23,KOTAKBANK,Banking,1734.4,1738.87,1723.7,1736.49,184561,320488330.89,8024,62.62
2026-03-24,KOTAKBANK,Banking,1802.71,1808.66,1789.07,1794.93,145439,261052824.27,5817,35.95
2026-03-25,KOTAKBANK,Banking,1786.37,1795.26,1780.62,1789.04,154336,276113277.44,6173,51.8
2026-03-26,KOTAKBANK,Banking,1821.1,1841.01,1807.5,1826.15,96284,175829026.6,3703,50.91
2026-03-27,KOTAKBANK,Banking,1860.11,1871.88,1845.19,1859.8,97676,181657824.8,3368,65.06
2026-03-30,KOTAKBANK,Banking,1820.52,1823.59,1817.47,1820.23,139461,253851096.03,4809,43.97
2026-03-31,KOTAKBANK,Banking,1823.44,1829.56,1817.08,1818.82,119968,218200197.76,4614,46.49
2026-04-01,KOTAKBANK,Banking,1882.77,1892.34,1868.6,1889.82,195792,370011637.44,7251,52.68
2026-04-02,KOTAKBANK,Banking,1876.75,1884.78,1874.33,1884.58,171906,323970609.48,7162,43.34
2026-04-03,KOTAKBANK,Banking,1864.65,1872.51,1842.01,1860.72,193078,359264096.16,6657,49.44
2026-04-06,KOTAKBANK,Banking,1821.26,1825.64,1791.42,1808.97,105899,191568114.03,3922,44.86
2026-04-07,KOTAKBANK,Banking,1836.78,1849.29,1822.84,1846.12,192963,356232853.56,6653,68.04
2026-04-08,KOTAKBANK,Banking,1856.33,1868.52,1845.97,1849.09,137944,255070870.96,4926,56.41
2026-04-09,KOTAKBANK,Banking,1859.71,1866.89,1841.67,1857.88,114533,212788570.04,6028,69.64
2026-04-10,KOTAKBANK,Banking,1876.32,1879.33,1874.34,1878.43,393693,739524741.99,24605,59.75
2026-04-13,KOTAKBANK,Banking,1834.17,1854.92,1825.6,1834.1,165778,304053429.8,5716,62.56
2026-04-14,KOTAKBANK,Banking,1823.09,1839.2,1817.57,1821.47,116018,211323306.46,4834,66.66
2026-04-15,KOTAKBANK,Banking,1834.3,1857.21,1823.82,1832.22,141093,258513416.46,8818,61.95
2026-04-16,KOTAKBANK,Banking,1861.44,1879.15,1847.1,1864.82,378594,706009663.08,23662,65.63
2026-04-17,KOTAKBANK,Banking,1849.52,1864.36,1840.43,1856.99,135166,251001910.34,5631,44.33
2026-04-20,KOTAKBANK,Banking,1854.47,1867.61,1833.57,1844.36,99316,183174457.76,5517,63.06
2026-04-21,KOTAKBANK,Banking,1824.66,1827.03,1818.34,1821.98,144553,263372674.94,6023,35.55
2026-04-22,KOTAKBANK,Banking,1852.9,1861.76,1843.21,1854.28,142009,263324448.52,9467,61.91
2026-04-23,KOTAKBANK,Banking,1872.58,1892.44,1856.66,1873.02,209980,393296739.6,13123,37.02
2026-04-24,KOTAKBANK,Banking,1840.01,1854.39,1829.39,1838.65,682966,1255735435.9,28456,56.87
2026-04-27,KOTAKBANK,Banking,1845.18,1856.13,1832.46,1842.41,152341,280674581.81,5642,46.73
2026-04-28,KOTAKBANK,Banking,1861.23,1871.9,1837.33,1847.18,175644,324446083.92,11709,68.5
2026-04-29,KOTAKBANK,Banking,1866.69,1886.32,1843.02,1857.0,108592,201655344.0,4343,71.97
2026-04-30,KOTAKBANK,Banking,1850.62,1863.77,1844.5,1856.58,157071,291614877.18,6041,47.94
2026-05-01,KOTAKBANK,Banking,1855.11,1875.19,1845.81,1850.19,134725,249266847.75,5181,71.97
2026-05-04,KOTAKBANK,Banking,1846.38,1855.43,1833.37,1847.0,139061,256845667.0,6621,64.16
2026-05-05,KOTAKBANK,Banking,1809.87,1823.18,1807.87,1812.61,111421,201962818.81,5571,38.68
2026-05-06,KOTAKBANK,Banking,1792.38,1802.56,1765.63,1782.88,94510,168499988.8,4974,50.55
2026-05-07,KOTAKBANK,Banking,1749.65,1759.61,1744.2,1751.96,140924,246893211.04,5636,68.19
2026-05-08,KOTAKBANK,Banking,1763.14,1774.15,1754.8,1763.6,265311,467902479.6,9148,48.08
2026-05-11,KOTAKBANK,Banking,1759.41,1765.36,1744.25,1765.18,288060,508477750.8,10668,62.79
2026-05-12,KOTAKBANK,Banking,1757.59,1762.34,1743.56,1748.16,193456,338192040.96,10747,63.02
2026-05-13,KOTAKBANK,Banking,1747.72,1758.35,1726.08,1744.01,162729,283801003.29,6027,66.21
2026-05-14,KOTAKBANK,Banking,1750.53,1763.12,1734.4,1742.69,61340,106896604.6,2271,69.0
2026-05-15,KOTAKBANK,Banking,1744.25,1753.79,1722.16,1746.32,118054,206160061.28,4540,65.86
2026-05-18,KOTAKBANK,Banking,1759.49,1770.74,1743.71,1752.35,202933,355609642.55,9663,44.35
2026-05-19,KOTAKBANK,Banking,1787.1,1798.58,1770.36,1779.24,121220,215679472.8,6061,45.09
2026-05-20,KOTAKBANK,Banking,1824.99,1825.65,1800.58,1818.34,216866,394336122.44,9857,37.99
2026-05-21,KOTAKBANK,Banking,1824.64,1837.86,1805.68,1817.29,149475,271639422.75,7867,35.84
2026-05-22,KOTAKBANK,Banking,1824.15,1835.16,1810.84,1826.88,269738,492778957.44,11727,73.66
2026-05-25,KOTAKBANK,Banking,1815.75,1825.84,1808.62,1811.21,280317,507712953.57,10781,72.39
2026-05-26,KOTAKBANK,Banking,1765.63,1776.35,1754.53,1769.31,169156,299289402.36,7048,67.63
2026-05-27,KOTAKBANK,Banking,1767.4,1781.65,1763.75,1773.12,162613,288332362.56,5807,49.19
2026-05-28,KOTAKBANK,Banking,1771.71,1785.92,1763.99,1778.31,263018,467727539.58,10959,59.56
2026-05-29,KOTAKBANK,Banking,1817.16,1844.32,1813.37,1823.07,53025,96668286.75,2305,72.62
2026-06-01,KOTAKBANK,Banking,1797.92,1807.62,1786.48,1795.04,89532,160713521.28,4263,56.01
2026-06-02,KOTAKBANK,Banking,1807.27,1819.68,1799.33,1813.35,169139,306708205.65,9396,43.35
2026-06-03,KOTAKBANK,Banking,1829.72,1835.13,1814.52,1829.13,184886,338180529.18,10875,39.66
2026-06-04,KOTAKBANK,Banking,1832.13,1841.94,1812.04,1838.42,192347,353614571.74,6869,40.93
2026-06-05,KOTAKBANK,Banking,1877.58,1887.91,1852.59,1869.64,75251,140692279.64,3583,72.58
2026-06-08,KOTAKBANK,Banking,1889.28,1907.17,1863.19,1885.47,132959,250690205.73,4748,49.39
2026-06-09,KOTAKBANK,Banking,1875.63,1888.86,1872.82,1882.9,293347,552343066.3,12222,73.84
2026-06-10,KOTAKBANK,Banking,1898.91,1903.77,1885.77,1894.67,127212,241024760.04,6695,51.91
2026-06-11,KOTAKBANK,Banking,1932.32,1949.41,1913.73,1928.24,136237,262697632.88,5239,67.58
2026-06-12,KOTAKBANK,Banking,1900.01,1912.37,1879.16,1905.15,107362,204540714.3,5650,39.66
2026-06-15,KOTAKBANK,Banking,1911.41,1921.15,1892.57,1913.1,142839,273265290.9,5951,52.7
2026-06-16,KOTAKBANK,Banking,1954.28,1971.14,1935.3,1951.74,123048,240157703.52,6152,43.73
2026-06-17,KOTAKBANK,Banking,1946.02,1960.48,1938.06,1946.46,160002,311437492.92,6400,73.32
2026-06-18,KOTAKBANK,Banking,1933.6,1948.43,1903.3,1916.18,85978,164749324.04,3738,35.84
2026-06-19,KOTAKBANK,Banking,1954.22,1966.5,1945.11,1950.83,257184,501722262.72,10287,44.07
2025-12-22,TCS,IT,3858.05,3860.0,3848.72,3850.0,413070,1590319500.0,17959,38.26
2025-12-23,TCS,IT,3817.49,3860.66,3806.64,3840.37,74492,286076842.04,3238,59.19
2025-12-24,TCS,IT,3863.66,3879.39,3841.89,3848.29,97231,374173084.99,6482,35.81
2025-12-25,TCS,IT,3852.12,3854.28,3783.45,3816.95,288722,1102037437.9,10693,35.76
2025-12-26,TCS,IT,3836.41,3876.28,3813.23,3849.25,102667,395190949.75,3540,44.24
2025-12-29,TCS,IT,3819.61,3848.13,3805.94,3823.84,135550,518321512.0,5020,43.38
2025-12-30,TCS,IT,3769.79,3804.26,3728.19,3797.33,174222,661578427.26,6700,43.39
2025-12-31,TCS,IT,3818.12,3838.49,3800.56,3817.6,198374,757312582.4,11669,70.45
2026-01-01,TCS,IT,3830.94,3850.76,3816.4,3833.57,150652,577534987.64,5579,61.87
2026-01-02,TCS,IT,3843.2,3881.12,3815.62,3835.05,78396,300652579.8,3266,40.89
2026-01-05,TCS,IT,3738.99,3756.0,3734.25,3748.69,374054,1402212489.26,14386,45.77
2026-01-06,TCS,IT,3652.54,3663.85,3628.21,3643.85,236119,860382218.15,10266,47.95
2026-01-07,TCS,IT,3613.1,3643.62,3581.62,3621.07,324308,1174341969.56,11582,48.57
2026-01-08,TCS,IT,3620.73,3631.25,3605.8,3621.06,129700,469651482.0,4988,59.0
2026-01-09,TCS,IT,3625.5,3633.7,3573.24,3583.63,253045,906819653.35,12652,62.61
2026-01-12,TCS,IT,3518.19,3539.62,3498.43,3516.09,57340,201612600.6,2606,44.25
2026-01-13,TCS,IT,3493.64,3511.26,3476.32,3504.88,152502,534501209.76,8026,62.31
2026-01-14,TCS,IT,3482.01,3512.17,3458.01,3487.49,218548,762183964.52,8094,63.2
2026-01-15,TCS,IT,3480.94,3510.37,3446.1,3469.21,135441,469873271.61,6772,47.29
2026-01-16,TCS,IT,3486.39,3504.24,3463.68,3487.25,127966,446249433.5,5331,56.96
2026-01-19,TCS,IT,3470.83,3479.33,3419.35,3462.48,185792,643301084.16,10928,66.72
2026-01-20,TCS,IT,3516.28,3543.04,3479.16,3518.4,141416,497558054.4,5237,49.52
2026-01-21,TCS,IT,3522.44,3546.48,3502.1,3517.36,102326,359917379.36,3654,48.04
2026-01-22,TCS,IT,3596.63,3611.27,3582.79,3599.56,211272,760486240.32,7285,44.95
2026-01-23,TCS,IT,3587.77,3611.05,3575.48,3589.79,320008,1148761518.32,11428,71.46
2026-01-26,TCS,IT,3562.42,3562.5,3545.88,3559.73,135598,482692268.54,6457,70.2
2026-01-27,TCS,IT,3641.91,3685.34,3579.25,3595.27,154327,554847233.29,5511,69.77
2026-01-28,TCS,IT,3474.57,3546.45,3444.26,3506.46,136695,479315549.7,7194,67.81
2026-01-29,TCS,IT,3507.45,3558.38,3507.33,3521.47,141103,496889981.41,8818,72.23
2026-01-30,TCS,IT,3538.15,3564.29,3494.3,3520.97,128793,453476289.21,6778,71.83
2026-02-02,TCS,IT,3514.25,3536.62,3500.59,3520.7,82948,292035023.6,3606,39.22
2026-02-03,TCS,IT,3505.39,3553.25,3469.5,3495.66,122917,429676040.22,4552,39.81
2026-02-04,TCS,IT,3505.15,3519.64,3486.81,3503.06,235673,825576659.38,10712,47.31
2026-02-05,TCS,IT,3473.78,3491.8,3447.39,3474.95,268534,933142223.3,11188,39.42
2026-02-06,TCS,IT,3473.08,3485.78,3445.66,3455.76,60811,210148221.36,2895,67.6
2026-02-09,TCS,IT,3439.74,3461.38,3419.26,3435.46,165609,568943095.14,10350,53.43
2026-02-10,TCS,IT,3473.7,3494.3,3453.74,3473.84,72200,250811248.0,2578,50.95
2026-02-11,TCS,IT,3376.94,3406.04,3348.52,3382.56,171959,581661635.04,5929,51.14
2026-02-12,TCS,IT,3336.9,3348.05,3301.41,3328.05,126907,422352841.35,6345,74.68
2026-02-13,TCS,IT,3286.23,3322.03,3276.48,3303.93,153968,508699494.24,5921,51.7
2026-02-16,TCS,IT,3340.02,3353.7,3311.29,3327.77,257301,856238548.77,11187,56.48
2026-02-17,TCS,IT,3307.32,3339.52,3279.61,3313.36,89360,296081849.6,3081,66.33
2026-02-18,TCS,IT,3363.1,3370.98,3340.23,3358.85,312274,1048881524.9,16435,41.88
2026-02-19,TCS,IT,3330.57,3345.54,3293.23,3307.95,93792,310259246.4,4689,35.53
2026-02-20,TCS,IT,3303.51,3320.71,3272.78,3282.9,104250,342242325.0,3594,70.14
2026-02-23,TCS,IT,3301.63,3305.62,3266.46,3273.65,221234,724242684.1,14748,55.13
2026-02-24,TCS,IT,3304.37,3328.93,3289.09,3295.74,200806,661804366.44,10568,51.06
2026-02-25,TCS,IT,3229.61,3260.45,3220.04,3237.81,107781,348974399.61,4311,49.09
2026-02-26,TCS,IT,3361.14,3376.59,3332.83,3353.66,123663,414723656.58,8244,55.33
2026-02-27,TCS,IT,3325.16,3370.9,3292.87,3330.92,152666,508518232.72,8980,42.68
2026-03-02,TCS,IT,3261.88,3282.9,3232.27,3246.53,124972,405725347.16,4463,61.86
2026-03-03,TCS,IT,3275.02,3298.0,3250.92,3272.56,258384,845577143.04,13599,50.28
2026-03-04,TCS,IT,3249.91,3266.51,3241.28,3253.53,97489,317183386.17,3749,59.04
2026-03-05,TCS,IT,3210.42,3252.82,3199.06,3223.12,212526,684996801.12,7590,53.85
2026-03-06,TCS,IT,3228.43,3269.6,3219.58,3258.38,210401,685566410.38,9147,62.35
2026-03-09,TCS,IT,3224.71,3244.11,3222.09,3229.43,218747,706428124.21,10937,43.09
2026-03-10,TCS,IT,3174.3,3210.64,3173.09,3192.55,184639,589469239.45,8027,35.24
2026-03-11,TCS,IT,3142.38,3171.13,3122.21,3155.78,146277,461618031.06,7698,57.82
2026-03-12,TCS,IT,3208.05,3230.12,3174.31,3187.03,74838,238510951.14,2771,57.16
2026-03-13,TCS,IT,3159.16,3194.22,3153.76,3176.83,77772,247068422.76,5184,39.6
2026-03-16,TCS,IT,3253.35,3267.9,3220.76,3253.34,392326,1276369868.84,15089,36.98
2026-03-17,TCS,IT,3282.96,3286.15,3259.22,3286.12,107328,352692687.36,5962,54.5
2026-03-18,TCS,IT,3279.12,3318.68,3251.82,3293.53,200596,660668943.88,11799,49.07
2026-03-19,TCS,IT,3284.49,3309.28,3259.37,3282.61,217789,714916349.29,7509,64.0
2026-03-20,TCS,IT,3274.35,3295.15,3267.7,3267.73,275009,898655159.57,15278,67.2
2026-03-23,TCS,IT,3288.31,3319.96,3273.1,3292.69,122453,403199768.57,5102,58.34
2026-03-24,TCS,IT,3341.3,3351.21,3273.94,3311.38,143185,474139945.3,5113,56.83
2026-03-25,TCS,IT,3293.91,3309.84,3278.59,3302.55,374145,1235632569.75,12901,39.25
2026-03-26,TCS,IT,3257.59,3312.16,3229.31,3288.7,204266,671769594.2,13617,70.92
2026-03-27,TCS,IT,3244.66,3263.07,3208.0,3220.76,72708,234175018.08,3029,55.44
2026-03-30,TCS,IT,3238.14,3261.55,3222.25,3246.3,154629,501972122.7,5727,61.53
2026-03-31,TCS,IT,3263.56,3291.77,3240.25,3261.19,113514,370190721.66,6677,54.69
2026-04-01,TCS,IT,3306.97,3327.9,3296.07,3296.64,112457,370730244.48,4325,60.94
2026-04-02,TCS,IT,3306.82,3320.33,3286.52,3311.45,301073,996988185.85,17710,42.67
2026-04-03,TCS,IT,3346.6,3377.36,3297.41,3318.56,134485,446296541.6,7078,66.07
2026-04-06,TCS,IT,3222.16,3246.02,3217.73,3226.41,143517,463044683.97,6834,66.56
2026-04-07,TCS,IT,3238.01,3239.64,3213.21,3236.0,209192,676945312.0,10459,69.32
2026-04-08,TCS,IT,3277.05,3321.74,3260.18,3286.67,239048,785671890.16,8537,56.29
2026-04-09,TCS,IT,3248.22,3269.76,3231.25,3240.7,160505,520148553.5,6687,41.65
2026-04-10,TCS,IT,3171.87,3173.49,3136.98,3153.48,173171,546091285.08,10823,42.35
2026-04-13,TCS,IT,3093.52,3099.07,3092.77,3095.42,116834,361650300.28,4493,55.77
2026-04-14,TCS,IT,3137.01,3147.54,3096.37,3130.08,110491,345845669.28,5524,65.0
2026-04-15,TCS,IT,3076.93,3099.4,3075.53,3081.26,109039,335977509.14,4543,64.49
2026-04-16,TCS,IT,3074.15,3084.86,3053.27,3074.52,144907,445519469.64,6037,36.99
2026-04-17,TCS,IT,3066.61,3090.89,3040.41,3073.96,89349,274655252.04,4702,55.72
2026-04-20,TCS,IT,3125.84,3164.32,3116.11,3143.02,118783,373337344.66,5399,65.01
2026-04-21,TCS,IT,3103.17,3117.3,3075.97,3088.43,126265,389960613.95,5489,65.75
2026-04-22,TCS,IT,3064.34,3073.46,3036.76,3062.89,146343,448232511.27,9146,39.02
2026-04-23,TCS,IT,3101.71,3103.74,3070.35,3082.19,256089,789314954.91,16005,48.3
2026-04-24,TCS,IT,3103.87,3124.91,3095.62,3112.32,142928,444837672.96,7940,74.73
2026-04-27,TCS,IT,3106.14,3131.55,3102.34,3103.83,174643,542062182.69,7593,46.41
2026-04-28,TCS,IT,3044.79,3088.64,3014.76,3053.69,153807,469678897.83,7690,41.79
2026-04-29,TCS,IT,3087.01,3096.61,3083.02,3089.14,177581,548572570.34,8879,44.99
2026-04-30,TCS,IT,3107.89,3119.56,3074.35,3096.34,664856,2058620227.04,25571,71.25
2026-05-01,TCS,IT,3152.6,3184.17,3130.01,3149.76,240862,758657493.12,8305,62.32
2026-05-04,TCS,IT,3166.63,3189.21,3147.14,3165.06,98212,310846872.72,3777,67.08
2026-05-05,TCS,IT,3165.18,3169.35,3141.83,3163.47,105799,334691962.53,4599,40.25
2026-05-06,TCS,IT,3149.9,3172.25,3132.36,3162.44,188833,597173032.52,11107,47.04
2026-05-07,TCS,IT,3259.29,3268.7,3250.59,3251.85,151379,492261801.15,6307,72.77
2026-05-08,TCS,IT,3239.57,3257.15,3226.97,3239.73,72993,236477611.89,3475,43.36
2026-05-11,TCS,IT,3211.32,3227.64,3199.19,3215.05,339658,1092017452.9,11712,35.84
2026-05-12,TCS,IT,3247.36,3259.44,3230.35,3248.12,168160,546203859.2,6467,55.21
2026-05-13,TCS,IT,3211.21,3215.43,3182.21,3189.46,188202,600262750.92,11762,72.42
2026-05-14,TCS,IT,3107.13,3149.74,3092.65,3120.84,181821,567434249.64,12121,43.61
2026-05-15,TCS,IT,3117.86,3135.33,3101.11,3109.53,95559,297143577.27,3539,50.49
2026-05-18,TCS,IT,3095.42,3112.99,3068.69,3107.61,127188,395250700.68,7481,60.62
2026-05-19,TCS,IT,3115.66,3137.44,3075.21,3109.99,216560,673499434.4,13535,65.25
2026-05-20,TCS,IT,3203.66,3204.97,3152.33,3183.81,135085,430084973.85,5628,71.97
2026-05-21,TCS,IT,3148.67,3164.85,3119.15,3158.25,90968,287299686.0,6064,51.0
2026-05-22,TCS,IT,3168.91,3178.71,3135.55,3167.39,268340,849937432.6,13417,38.1
2026-05-25,TCS,IT,3163.21,3163.62,3138.27,3155.18,157395,496609556.1,7154,61.45
2026-05-26,TCS,IT,3084.73,3097.94,3069.82,3086.1,192717,594743933.7,12044,69.27
2026-05-27,TCS,IT,3058.22,3095.69,3026.54,3085.01,188815,582496163.15,7552,53.28
2026-05-28,TCS,IT,3086.42,3126.57,3078.08,3115.8,159969,498431410.2,7617,36.22
2026-05-29,TCS,IT,3247.36,3267.29,3228.39,3239.26,130105,421443922.3,7228,37.18
2026-06-01,TCS,IT,3256.83,3277.8,3243.0,3256.66,64979,211614510.14,2406,61.03
2026-06-02,TCS,IT,3162.99,3197.41,3129.81,3177.63,172134,546978162.42,10125,53.87
2026-06-03,TCS,IT,3169.55,3188.38,3149.33,3177.14,149132,473813242.48,7849,35.29
2026-06-04,TCS,IT,3130.46,3166.48,3115.48,3155.45,117987,372302079.15,4916,63.39
2026-06-05,TCS,IT,3216.25,3227.42,3204.76,3212.67,121485,390291214.95,6393,38.17
2026-06-08,TCS,IT,3232.23,3240.57,3216.76,3236.77,233818,756815087.86,13754,66.34
2026-06-09,TCS,IT,3296.65,3324.52,3296.24,3298.76,608557,2007483489.32,25356,55.39
2026-06-10,TCS,IT,3294.84,3312.2,3270.83,3294.01,161200,530994412.0,7327,72.24
2026-06-11,TCS,IT,3382.26,3392.76,3367.62,3381.36,210368,711329940.48,11072,58.19
2026-06-12,TCS,IT,3322.23,3342.35,3304.52,3335.38,118995,396893543.1,5173,52.9
2026-06-15,TCS,IT,3344.19,3385.46,3309.17,3355.26,144502,484841780.52,7225,48.4
2026-06-16,TCS,IT,3447.41,3466.16,3421.89,3435.77,164782,566153052.14,5682,56.37
2026-06-17,TCS,IT,3408.49,3434.01,3372.4,3393.63,138204,469013240.52,6910,56.53
2026-06-18,TCS,IT,3321.7,3379.06,3305.15,3353.79,293389,983965094.31,13335,37.36
2026-06-19,TCS,IT,3328.25,3348.84,3316.92,3335.15,142503,475268880.45,8382,59.45
2025-12-22,INFY,IT,1519.24,1523.93,1509.84,1520.0,65895,100160400.0,2745,52.28
2025-12-23,INFY,IT,1554.86,1558.47,1531.49,1553.67,78258,121587106.86,2898,53.69
2025-12-24,INFY,IT,1541.29,1545.41,1531.05,1539.47,177743,273630016.21,8079,60.72
2025-12-25,INFY,IT,1544.34,1545.07,1531.85,1538.21,78086,120112666.06,2692,45.4
2025-12-26,INFY,IT,1533.41,1540.39,1517.09,1529.89,195807,299563171.23,8158,55.28
2025-12-29,INFY,IT,1513.99,1522.1,1503.13,1509.67,183716,277350533.72,8748,74.91
2025-12-30,INFY,IT,1461.67,1470.04,1449.63,1466.95,260770,382536551.5,13724,51.32
2025-12-31,INFY,IT,1483.04,1487.72,1473.84,1481.42,274999,407389018.58,16176,61.01
2026-01-01,INFY,IT,1518.34,1528.92,1505.82,1521.64,129548,197125418.72,4982,58.71
2026-01-02,INFY,IT,1526.93,1535.68,1510.89,1525.29,148049,225817659.21,5105,60.64
2026-01-05,INFY,IT,1562.91,1564.24,1555.11,1561.27,53681,83810534.87,1917,67.68
2026-01-06,INFY,IT,1586.34,1599.25,1574.75,1581.05,151150,238975707.5,7955,40.01
2026-01-07,INFY,IT,1562.54,1572.89,1550.03,1564.56,185775,290656134.0,6406,73.91
2026-01-08,INFY,IT,1550.89,1560.4,1541.32,1550.92,220641,342196539.72,9193,44.79
2026-01-09,INFY,IT,1522.94,1529.31,1509.8,1515.83,208996,316802406.68,10999,61.87
2026-01-12,INFY,IT,1454.94,1465.7,1448.68,1461.94,168066,245702408.04,7639,36.95
2026-01-13,INFY,IT,1456.56,1470.25,1446.67,1457.8,59170,86258026.0,2040,62.35
2026-01-14,INFY,IT,1392.88,1403.7,1382.34,1388.28,187849,260787009.72,9886,37.28
2026-01-15,INFY,IT,1410.02,1418.32,1391.21,1403.57,188031,263914670.67,12535,56.65
2026-01-16,INFY,IT,1396.79,1406.18,1386.85,1397.14,126750,177087495.0,5761,64.67
2026-01-19,INFY,IT,1388.06,1403.56,1384.74,1393.96,137107,191121673.72,4896,47.23
2026-01-20,INFY,IT,1432.93,1445.94,1422.09,1429.34,108079,154481637.86,4699,39.23
2026-01-21,INFY,IT,1433.76,1446.45,1419.19,1431.91,213653,305931867.23,8902,61.42
2026-01-22,INFY,IT,1469.9,1481.77,1456.36,1466.54,162431,238211558.74,9023,60.62
2026-01-23,INFY,IT,1467.4,1474.38,1458.55,1466.23,129225,189473571.75,4456,66.56
2026-01-26,INFY,IT,1441.72,1455.95,1436.66,1445.77,173987,251545184.99,6443,43.47
2026-01-27,INFY,IT,1445.08,1449.8,1431.62,1442.65,162862,234952864.3,6514,60.84
2026-01-28,INFY,IT,1382.45,1390.74,1371.98,1385.72,376505,521730508.6,12982,54.74
2026-01-29,INFY,IT,1362.94,1377.74,1357.01,1372.08,186298,255615759.84,6424,43.22
2026-01-30,INFY,IT,1352.55,1368.78,1338.03,1359.76,206337,280568799.12,7936,55.84
2026-02-02,INFY,IT,1364.1,1374.95,1359.45,1368.34,271883,372028384.22,12946,39.19
2026-02-03,INFY,IT,1356.18,1361.52,1346.73,1348.85,213378,287814915.3,11230,56.8
2026-02-04,INFY,IT,1341.5,1348.06,1339.91,1342.32,118744,159392446.08,6596,62.31
2026-02-05,INFY,IT,1299.49,1316.27,1293.2,1306.74,123563,161464714.62,4752,57.78
2026-02-06,INFY,IT,1289.58,1292.63,1277.7,1287.0,118326,152285562.0,6960,43.94
2026-02-09,INFY,IT,1332.01,1339.95,1326.29,1330.5,37493,49884436.5,1339,52.51
2026-02-10,INFY,IT,1331.05,1334.62,1318.23,1325.38,153682,203687049.16,6681,59.96
2026-02-11,INFY,IT,1351.34,1357.8,1340.7,1345.62,98484,132522040.08,4924,63.78
2026-02-12,INFY,IT,1310.91,1316.7,1308.31,1311.33,194868,255536254.44,7494,70.93
2026-02-13,INFY,IT,1270.03,1277.96,1263.3,1270.88,122799,156062793.12,5116,45.79
2026-02-16,INFY,IT,1247.63,1254.15,1240.56,1251.06,169207,211688109.42,8905,38.36
2026-02-17,INFY,IT,1259.26,1270.42,1249.58,1256.14,151928,190842837.92,8936,39.01
2026-02-18,INFY,IT,1226.46,1230.44,1219.14,1222.5,145689,178104802.5,6070,50.98
2026-02-19,INFY,IT,1206.9,1210.44,1196.65,1204.61,186780,224997055.8,10987,67.83
2026-02-20,INFY,IT,1191.07,1198.04,1182.52,1192.69,174265,207844122.85,10891,47.24
2026-02-23,INFY,IT,1155.59,1164.69,1149.23,1158.99,165909,192286871.91,5721,49.45
2026-02-24,INFY,IT,1116.14,1125.14,1108.73,1118.89,54951,61484124.39,2035,36.38
2026-02-25,INFY,IT,1124.91,1131.76,1118.8,1120.59,72902,81693252.18,4860,70.46
2026-02-26,INFY,IT,1137.63,1138.28,1128.11,1129.81,406691,459483558.71,21404,60.07
2026-02-27,INFY,IT,1145.83,1150.76,1141.11,1145.5,68647,78635138.5,2745,64.44
2026-03-02,INFY,IT,1114.69,1115.87,1104.0,1114.39,125971,140380822.69,5725,62.59
2026-03-03,INFY,IT,1130.11,1137.52,1120.31,1129.41,43929,49613851.89,2745,35.3
2026-03-04,INFY,IT,1159.27,1163.03,1140.13,1151.65,132490,152582108.5,4568,74.29
2026-03-05,INFY,IT,1145.96,1155.59,1142.98,1151.28,60462,69608691.36,3182,68.2
2026-03-06,INFY,IT,1139.47,1150.44,1132.45,1146.56,247429,283692194.24,11782,37.12
2026-03-09,INFY,IT,1156.08,1163.65,1149.4,1157.41,211876,245227401.16,14125,54.21
2026-03-10,INFY,IT,1167.15,1170.91,1142.53,1154.36,133871,154535327.56,5354,63.77
2026-03-11,INFY,IT,1131.6,1141.23,1128.33,1134.86,109280,124017500.8,3902,48.42
2026-03-12,INFY,IT,1144.31,1152.17,1135.97,1144.1,478047,546933572.7,22764,53.26
2026-03-13,INFY,IT,1138.88,1150.07,1134.04,1144.93,154036,176360437.48,8557,51.25
2026-03-16,INFY,IT,1173.57,1180.85,1164.81,1172.64,43865,51437853.6,1512,36.13
2026-03-17,INFY,IT,1160.26,1171.21,1149.54,1162.04,250560,291160742.4,15660,73.63
2026-03-18,INFY,IT,1157.73,1159.85,1146.88,1155.51,100576,116216573.76,5293,73.91
2026-03-19,INFY,IT,1138.27,1140.73,1132.71,1138.17,136634,155512719.78,6210,50.58
2026-03-20,INFY,IT,1115.41,1124.77,1108.11,1111.42,112202,124703546.84,5610,36.66
2026-03-23,INFY,IT,1127.29,1135.65,1125.22,1130.91,277260,313556106.6,12602,35.28
2026-03-24,INFY,IT,1181.45,1189.22,1171.76,1176.97,147399,173484201.03,5264,64.68
2026-03-25,INFY,IT,1174.25,1181.05,1168.09,1170.56,191505,224168092.8,12767,51.01
2026-03-26,INFY,IT,1167.09,1175.56,1161.58,1167.66,354390,413807027.4,13125,61.89
2026-03-27,INFY,IT,1153.66,1168.93,1145.8,1158.66,123768,143405030.88,7735,43.04
2026-03-30,INFY,IT,1144.85,1151.8,1136.99,1142.98,159700,182533906.0,9394,57.7
2026-03-31,INFY,IT,1174.96,1180.48,1169.69,1173.17,75640,88738578.8,4449,73.41
2026-04-01,INFY,IT,1174.02,1178.93,1167.27,1173.84,210820,247468948.8,11095,48.67
2026-04-02,INFY,IT,1168.32,1176.18,1161.35,1164.33,195173,227245779.09,8485,65.61
2026-04-03,INFY,IT,1151.04,1162.15,1148.9,1156.54,206221,238502835.34,7637,43.52
2026-04-06,INFY,IT,1138.17,1147.99,1128.18,1141.61,229377,261859076.97,14336,60.07
2026-04-07,INFY,IT,1150.9,1154.5,1142.44,1147.37,173568,199146716.16,8678,69.66
2026-04-08,INFY,IT,1139.3,1145.86,1126.33,1130.0,239263,270367190.0,8861,69.13
2026-04-09,INFY,IT,1112.86,1118.12,1109.08,1113.91,188619,210104590.29,6985,73.43
2026-04-10,INFY,IT,1140.78,1148.51,1134.7,1139.46,127468,145244687.28,5542,65.53
2026-04-13,INFY,IT,1123.24,1135.14,1119.47,1125.35,154924,174343723.4,7377,52.1
2026-04-14,INFY,IT,1128.11,1130.9,1121.61,1125.87,185856,209249694.72,12390,38.16
2026-04-15,INFY,IT,1130.28,1131.77,1129.29,1130.8,82942,93790813.6,3071,50.77
2026-04-16,INFY,IT,1164.92,1175.06,1162.92,1165.03,33244,38730257.32,1187,37.22
2026-04-17,INFY,IT,1153.99,1164.32,1138.02,1144.2,184831,211483630.2,10872,44.53
2026-04-20,INFY,IT,1131.78,1142.68,1128.61,1132.08,139420,157834593.6,5809,65.93
2026-04-21,INFY,IT,1127.08,1131.67,1121.14,1126.09,86849,97799790.41,5789,36.41
2026-04-22,INFY,IT,1108.09,1109.03,1104.67,1105.94,235529,260480942.26,15701,61.89
2026-04-23,INFY,IT,1089.21,1096.9,1083.8,1094.48,82588,90390914.24,3303,65.38
2026-04-24,INFY,IT,1110.37,1112.82,1102.09,1107.44,137562,152341661.28,6878,46.44
2026-04-27,INFY,IT,1124.3,1130.12,1117.63,1123.78,241430,271314205.4,8941,69.1
2026-04-28,INFY,IT,1141.46,1146.32,1129.84,1140.06,105112,119833986.72,4777,42.56
2026-04-29,INFY,IT,1134.0,1141.01,1133.72,1138.45,172342,196202749.9,7180,42.84
2026-04-30,INFY,IT,1129.15,1134.12,1125.95,1126.09,192188,216420984.92,8007,54.74
2026-05-01,INFY,IT,1093.1,1100.77,1086.93,1095.47,389951,427179621.97,13926,39.55
2026-05-04,INFY,IT,1110.26,1117.88,1106.85,1107.66,170499,188854922.34,6557,58.53
2026-05-05,INFY,IT,1109.84,1122.21,1104.96,1114.63,184366,205499874.58,7091,35.72
2026-05-06,INFY,IT,1133.7,1137.27,1127.4,1134.6,218503,247913503.8,9104,56.31
2026-05-07,INFY,IT,1164.85,1170.59,1159.14,1163.07,192997,224469020.79,12062,41.72
2026-05-08,INFY,IT,1158.38,1185.48,1150.74,1170.67,175332,205255912.44,6045,61.91
2026-05-11,INFY,IT,1197.97,1201.11,1182.14,1195.36,167719,200484583.84,7292,64.73
2026-05-12,INFY,IT,1177.97,1188.55,1173.06,1181.17,186159,219885426.03,7159,35.63
2026-05-13,INFY,IT,1151.19,1158.07,1143.2,1148.67,114512,131536499.04,4978,74.46
2026-05-14,INFY,IT,1161.35,1165.34,1144.15,1160.67,321276,372895414.92,18898,70.3
2026-05-15,INFY,IT,1116.86,1133.44,1111.07,1125.16,399334,449314643.44,19015,39.41
2026-05-18,INFY,IT,1120.92,1130.83,1116.06,1127.21,134951,152118116.71,6134,62.9
2026-05-19,INFY,IT,1151.69,1159.55,1139.84,1146.16,197890,226813602.4,9894,40.65
2026-05-20,INFY,IT,1167.07,1174.64,1166.34,1166.51,176032,205343088.32,9779,72.91
2026-05-21,INFY,IT,1202.34,1207.93,1198.38,1206.31,152968,184526828.08,6373,70.55
2026-05-22,INFY,IT,1170.18,1183.89,1163.8,1175.19,68138,80075096.22,2349,49.93
2026-05-25,INFY,IT,1175.57,1179.88,1171.09,1173.78,220066,258309069.48,7859,50.17
2026-05-26,INFY,IT,1159.76,1161.7,1154.35,1159.53,162559,188492037.27,6252,41.98
2026-05-27,INFY,IT,1142.52,1146.95,1127.38,1137.68,310634,353402089.12,18272,50.63
2026-05-28,INFY,IT,1114.99,1127.78,1106.99,1119.99,104725,117290952.75,4553,65.28
2026-05-29,INFY,IT,1120.43,1132.41,1112.63,1125.55,252977,284738262.35,9729,57.27
2026-06-01,INFY,IT,1105.58,1114.52,1102.56,1107.01,137403,152106495.03,7633,57.0
2026-06-02,INFY,IT,1114.88,1124.21,1104.07,1108.08,213564,236645997.12,8898,53.92
2026-06-03,INFY,IT,1092.78,1104.62,1084.32,1098.84,155890,171298167.6,5995,74.26
2026-06-04,INFY,IT,1094.46,1099.26,1093.56,1095.73,309183,338781088.59,13442,61.58
2026-06-05,INFY,IT,1120.31,1125.33,1104.55,1114.8,361647,403164075.6,18082,42.8
2026-06-08,INFY,IT,1131.3,1141.21,1121.88,1130.21,264285,298697549.85,17619,52.78
2026-06-09,INFY,IT,1126.3,1136.05,1117.08,1130.15,106110,119920216.5,6631,73.07
2026-06-10,INFY,IT,1131.99,1136.32,1123.84,1128.38,246609,278268663.42,11743,63.09
2026-06-11,INFY,IT,1155.8,1161.89,1153.71,1156.19,200248,231524735.12,9102,52.73
2026-06-12,INFY,IT,1146.43,1154.23,1135.96,1153.22,172458,198882014.76,11497,70.55
2026-06-15,INFY,IT,1197.24,1202.78,1186.88,1188.86,85321,101434724.06,5688,63.94
2026-06-16,INFY,IT,1232.63,1242.38,1217.11,1223.54,137639,168406822.06,5984,49.4
2026-06-17,INFY,IT,1245.29,1249.32,1231.88,1245.96,117180,146001592.8,5094,51.35
2026-06-18,INFY,IT,1194.43,1203.39,1185.91,1197.58,771780,924268292.4,32157,38.78
2026-06-19,INFY,IT,1199.51,1203.0,1192.26,1200.61,182494,219104121.34,7019,44.9
2025-12-22,WIPRO,IT,479.35,482.6,476.2,480.0,201400,96672000.0,9590,38.64
2025-12-23,WIPRO,IT,491.9,495.82,489.89,491.18,227972,111975286.96,9911,41.23
2025-12-24,WIPRO,IT,497.36,500.25,495.73,498.74,212821,106142345.54,7882,71.31
2025-12-25,WIPRO,IT,502.68,506.56,498.65,500.82,116970,58580915.4,6156,57.18
2025-12-26,WIPRO,IT,519.27,520.03,515.19,517.62,266992,138200399.04,15705,59.94
2025-12-29,WIPRO,IT,515.58,518.86,512.51,515.46,57141,29453899.86,2484,38.44
2025-12-30,WIPRO,IT,512.6,519.65,510.04,512.32,92495,47387038.4,6166,47.69
2025-12-31,WIPRO,IT,518.36,524.66,515.08,522.28,67832,35427296.96,2422,65.2
2026-01-01,WIPRO,IT,527.0,530.87,526.18,529.1,184986,97876092.6,10277,67.75
2026-01-02,WIPRO,IT,523.61,524.96,518.38,522.92,109813,57423413.96,5229,35.23
2026-01-05,WIPRO,IT,527.12,529.05,524.34,526.66,195585,103006796.1,7522,72.02
2026-01-06,WIPRO,IT,533.95,536.68,527.53,529.46,169753,89877423.38,11316,53.83
2026-01-07,WIPRO,IT,527.38,532.78,526.15,527.86,76023,40129500.78,2621,54.32
2026-01-08,WIPRO,IT,531.64,533.96,527.51,529.97,256207,135782023.79,13484,58.86
2026-01-09,WIPRO,IT,524.46,526.29,521.04,522.04,167907,87654170.28,6716,67.74
2026-01-12,WIPRO,IT,516.83,519.79,514.82,516.48,174711,90234737.28,11647,39.07
2026-01-13,WIPRO,IT,511.38,516.66,508.78,513.11,50781,26056238.91,2987,47.23
2026-01-14,WIPRO,IT,508.78,511.85,500.87,504.45,234809,118449400.05,8386,41.87
2026-01-15,WIPRO,IT,509.03,513.04,502.52,507.81,209625,106449671.25,8385,67.71
2026-01-16,WIPRO,IT,494.18,496.78,486.93,492.69,104433,51453094.77,3867,38.42
2026-01-19,WIPRO,IT,486.83,488.81,481.39,483.77,337109,163083220.93,19829,38.62
2026-01-20,WIPRO,IT,473.85,479.51,472.67,477.15,220219,105077495.85,9574,69.36
2026-01-21,WIPRO,IT,464.38,467.76,462.71,466.18,77536,36145732.48,3230,40.99
2026-01-22,WIPRO,IT,456.37,458.33,455.68,456.14,248760,113469386.4,14632,48.87
2026-01-23,WIPRO,IT,455.87,458.54,453.8,455.03,292056,132894241.68,14602,50.78
2026-01-26,WIPRO,IT,451.38,456.06,447.94,452.59,193200,87440388.0,7728,37.53
2026-01-27,WIPRO,IT,443.9,449.48,439.96,446.28,593596,264910022.88,21199,70.03
2026-01-28,WIPRO,IT,448.51,452.95,443.39,443.47,109965,48766178.55,4072,56.74
2026-01-29,WIPRO,IT,452.42,453.22,448.57,451.2,320831,144758947.2,13367,61.47
2026-01-30,WIPRO,IT,453.32,454.87,448.23,451.3,68702,31005212.6,3271,35.16
2026-02-02,WIPRO,IT,448.17,449.38,445.43,449.03,202257,90819460.71,11236,56.8
2026-02-03,WIPRO,IT,448.82,451.44,445.61,447.57,139199,62301296.43,6959,43.73
2026-02-04,WIPRO,IT,463.31,464.51,460.39,462.43,72639,33590452.77,4842,70.47
2026-02-05,WIPRO,IT,460.51,463.49,457.53,459.94,127786,58773892.84,6389,48.49
2026-02-06,WIPRO,IT,454.54,459.02,453.61,454.87,129879,59078060.73,7215,63.35
2026-02-09,WIPRO,IT,455.93,460.03,452.65,457.99,226775,103860682.25,13339,69.47
2026-02-10,WIPRO,IT,442.95,445.15,441.07,442.6,181480,80323048.0,6257,74.99
2026-02-11,WIPRO,IT,448.03,451.77,442.34,449.07,213083,95689182.81,9685,35.06
2026-02-12,WIPRO,IT,453.16,455.18,450.06,450.95,99895,45047650.25,5876,59.07
2026-02-13,WIPRO,IT,443.36,447.76,434.08,439.45,202453,88967970.85,9202,48.13
2026-02-16,WIPRO,IT,444.18,448.86,444.13,446.06,122925,54831925.5,5121,35.6
2026-02-17,WIPRO,IT,446.83,446.87,443.48,445.41,94883,42261837.03,4993,55.13
2026-02-18,WIPRO,IT,449.36,450.38,444.55,447.33,194368,86946637.44,12148,51.41
2026-02-19,WIPRO,IT,454.06,457.32,451.36,455.54,116632,53130541.28,4021,46.42
2026-02-20,WIPRO,IT,451.21,453.7,448.87,451.29,102357,46192690.53,3791,58.19
2026-02-23,WIPRO,IT,441.33,447.93,437.19,443.89,178044,79031951.16,11869,64.58
2026-02-24,WIPRO,IT,427.3,431.57,423.79,430.47,113661,48927650.67,4059,37.18
2026-02-25,WIPRO,IT,426.69,429.55,423.64,424.9,163837,69614341.3,9102,72.3
2026-02-26,WIPRO,IT,420.86,423.9,414.79,420.13,52853,22205130.89,2114,65.81
2026-02-27,WIPRO,IT,422.93,427.43,420.78,424.33,114017,48380833.61,4385,73.49
2026-03-02,WIPRO,IT,421.79,423.32,420.39,420.51,98686,41498449.86,4111,71.16
2026-03-03,WIPRO,IT,420.52,421.99,419.78,421.19,196525,82774364.75,10918,58.42
2026-03-04,WIPRO,IT,423.82,426.78,418.91,421.14,377576,159012356.64,13484,42.74
2026-03-05,WIPRO,IT,414.22,417.08,413.02,416.44,176459,73484585.96,7352,52.28
2026-03-06,WIPRO,IT,426.14,427.08,422.53,423.52,182635,77349575.2,6764,60.12
2026-03-09,WIPRO,IT,430.27,432.1,428.15,429.49,179579,77127384.71,8978,69.91
2026-03-10,WIPRO,IT,422.66,426.59,419.73,423.62,103954,44036993.48,4519,42.19
2026-03-11,WIPRO,IT,425.77,428.02,423.82,424.86,163266,69365192.76,8592,48.45
2026-03-12,WIPRO,IT,419.52,422.45,419.1,421.56,155545,65571550.2,7777,65.75
2026-03-13,WIPRO,IT,418.16,419.28,415.41,416.7,96467,40197798.9,5674,69.18
2026-03-16,WIPRO,IT,422.89,424.71,417.49,419.33,337337,141455524.21,18740,50.34
2026-03-17,WIPRO,IT,408.85,410.87,406.19,407.28,67038,27303236.64,2311,62.22
2026-03-18,WIPRO,IT,400.84,404.02,397.36,400.28,238052,95287454.56,11902,44.24
2026-03-19,WIPRO,IT,396.87,399.28,395.1,396.21,125150,49585681.5,6586,37.33
2026-03-20,WIPRO,IT,392.53,395.2,388.63,392.2,117830,46212926.0,6546,71.43
2026-03-23,WIPRO,IT,395.47,401.72,393.11,397.62,80541,32024712.42,4474,56.98
2026-03-24,WIPRO,IT,402.19,407.98,398.99,404.08,100448,40589027.84,4185,47.82
2026-03-25,WIPRO,IT,400.24,401.46,399.86,400.49,142278,56980916.22,7488,50.31
2026-03-26,WIPRO,IT,403.8,408.4,400.63,405.09,526785,213395335.65,29265,37.9
2026-03-27,WIPRO,IT,405.86,407.46,402.24,404.81,111343,45072759.83,3839,35.8
2026-03-30,WIPRO,IT,393.54,397.71,391.79,393.81,161151,63462875.31,6198,70.5
2026-03-31,WIPRO,IT,390.16,395.95,389.24,391.88,78455,30744945.4,5230,56.25
2026-04-01,WIPRO,IT,404.28,406.16,403.08,403.43,263982,106498258.26,9427,62.65
2026-04-02,WIPRO,IT,410.07,413.41,407.85,411.61,111498,45893691.78,3982,51.53
2026-04-03,WIPRO,IT,418.92,426.77,415.94,422.63,212480,89800422.4,10624,40.3
2026-04-06,WIPRO,IT,418.65,423.33,417.49,418.48,315446,132007842.08,13715,68.7
2026-04-07,WIPRO,IT,422.07,423.26,421.5,423.14,154489,65370475.46,5721,72.88
2026-04-08,WIPRO,IT,431.78,434.29,427.29,433.14,250057,108309688.98,14709,63.23
2026-04-09,WIPRO,IT,442.19,446.26,441.41,443.16,365211,161846906.76,19221,65.67
2026-04-10,WIPRO,IT,432.1,434.46,430.91,434.25,116918,50771641.5,6877,35.62
2026-04-13,WIPRO,IT,426.51,427.19,422.8,425.89,106419,45322787.91,6651,73.38
2026-04-14,WIPRO,IT,426.37,430.17,424.19,425.58,162075,68975878.5,5788,59.68
2026-04-15,WIPRO,IT,424.31,428.46,423.09,425.34,469112,199532098.08,18764,68.44
2026-04-16,WIPRO,IT,434.81,435.46,429.98,435.45,205764,89599933.8,7914,58.63
2026-04-17,WIPRO,IT,432.73,435.56,429.23,433.39,228708,99119760.12,8168,43.21
2026-04-20,WIPRO,IT,427.47,429.56,422.56,425.67,166780,70993242.6,7941,45.91
2026-04-21,WIPRO,IT,425.05,427.06,418.49,423.37,68028,28801014.36,2834,71.43
2026-04-22,WIPRO,IT,434.57,437.64,430.93,434.52,229994,99936992.88,10454,53.0
2026-04-23,WIPRO,IT,435.53,437.55,433.17,437.45,155922,68208078.9,7424,49.6
2026-04-24,WIPRO,IT,442.02,442.79,436.35,438.55,108944,47777391.2,7262,37.33
2026-04-27,WIPRO,IT,439.58,442.12,438.15,439.89,76431,33621232.59,2830,54.37
2026-04-28,WIPRO,IT,445.29,449.57,441.71,443.19,143347,63529956.93,5513,54.28
2026-04-29,WIPRO,IT,441.13,445.96,439.03,441.65,148259,65478587.35,7803,68.42
2026-04-30,WIPRO,IT,433.11,438.71,430.31,435.63,138323,60257648.49,6586,63.96
2026-05-01,WIPRO,IT,433.31,435.67,432.28,433.73,207042,89800326.66,10896,71.32
2026-05-04,WIPRO,IT,426.23,430.62,421.66,425.11,170515,72487631.65,7104,38.3
2026-05-05,WIPRO,IT,411.7,415.8,409.25,413.84,179483,74277244.72,8158,61.85
2026-05-06,WIPRO,IT,417.08,417.68,414.23,417.16,198599,82847558.84,8634,74.36
2026-05-07,WIPRO,IT,420.81,423.85,417.75,419.37,466914,195809724.18,16100,45.59
2026-05-08,WIPRO,IT,424.2,426.7,422.82,423.94,231773,98257845.62,8584,38.09
2026-05-11,WIPRO,IT,421.65,422.11,418.79,419.89,101352,42556691.28,6334,45.81
2026-05-12,WIPRO,IT,413.81,417.52,413.36,413.69,133439,55202379.91,7023,64.48
2026-05-13,WIPRO,IT,403.75,410.5,399.84,408.48,327329,133707349.92,13093,53.33
2026-05-14,WIPRO,IT,409.35,411.85,406.06,410.79,159184,65391195.36,9363,67.31
2026-05-15,WIPRO,IT,412.2,415.19,410.01,413.46,190502,78764956.92,11906,43.42
2026-05-18,WIPRO,IT,412.86,417.59,409.08,415.5,130133,54070261.5,4819,54.42
2026-05-19,WIPRO,IT,418.91,423.65,417.18,423.26,142435,60287038.1,7121,59.2
2026-05-20,WIPRO,IT,431.74,438.68,431.29,432.85,164399,71160107.15,7828,70.46
2026-05-21,WIPRO,IT,436.9,439.62,436.85,438.4,143576,62943718.4,8445,49.76
2026-05-22,WIPRO,IT,440.5,441.22,438.96,440.4,112535,49560414.0,5358,65.41
2026-05-25,WIPRO,IT,435.75,437.78,432.83,434.65,179226,77900580.9,9432,63.59
2026-05-26,WIPRO,IT,426.08,427.94,424.08,426.76,221105,94358769.8,14740,52.7
2026-05-27,WIPRO,IT,421.67,423.01,419.9,421.57,57360,24181255.2,3374,62.84
2026-05-28,WIPRO,IT,435.44,436.75,432.31,434.57,139623,60675967.11,6346,46.38
2026-05-29,WIPRO,IT,445.51,447.28,443.23,445.28,174877,77869230.56,7948,47.9
2026-06-01,WIPRO,IT,450.42,452.37,445.72,448.22,223427,100144449.94,8937,57.09
2026-06-02,WIPRO,IT,449.22,454.57,448.01,450.0,120340,54153000.0,6017,51.35
2026-06-03,WIPRO,IT,445.21,446.33,442.71,443.14,62839,27846474.46,2618,47.83
2026-06-04,WIPRO,IT,427.1,429.66,424.87,426.93,134417,57386649.81,8401,61.39
2026-06-05,WIPRO,IT,439.46,441.14,434.54,436.82,273074,119284184.68,11872,55.16
2026-06-08,WIPRO,IT,446.22,452.14,444.5,449.4,180077,80926603.8,7829,37.57
2026-06-09,WIPRO,IT,451.58,456.25,446.97,449.61,237418,106745506.98,9496,49.56
2026-06-10,WIPRO,IT,434.3,438.49,434.29,435.87,125975,54908723.25,8398,61.8
2026-06-11,WIPRO,IT,441.15,443.29,439.17,441.37,406410,179377181.7,27094,36.25
2026-06-12,WIPRO,IT,429.44,432.25,428.51,429.39,80627,34620427.53,4031,61.74
2026-06-15,WIPRO,IT,429.18,431.77,427.36,429.05,111629,47894422.45,4853,44.84
2026-06-16,WIPRO,IT,440.63,449.38,438.94,443.39,178389,79095898.71,7135,64.71
2026-06-17,WIPRO,IT,436.32,441.53,433.92,438.39,104861,45970013.79,4559,42.54
2026-06-18,WIPRO,IT,433.49,435.7,430.32,431.27,63958,27583166.66,2558,45.71
2026-06-19,WIPRO,IT,432.42,436.35,429.87,435.25,174512,75956348.0,9184,60.83
2025-12-22,SUNPHARMA,Pharma,1553.5,1561.23,1542.57,1550.0,356640,552792000.0,12297,46.41
2025-12-23,SUNPHARMA,Pharma,1544.19,1548.77,1532.62,1539.59,124487,191658940.33,5412,61.31
2025-12-24,SUNPHARMA,Pharma,1552.21,1564.1,1536.84,1547.98,128187,198430912.26,8011,45.38
2025-12-25,SUNPHARMA,Pharma,1572.95,1573.53,1562.75,1572.94,246915,388382480.1,11757,42.83
2025-12-26,SUNPHARMA,Pharma,1611.44,1621.33,1597.61,1608.97,134558,216499785.26,7915,58.64
2025-12-29,SUNPHARMA,Pharma,1597.62,1603.08,1583.95,1593.14,172610,274991895.4,7192,55.02
2025-12-30,SUNPHARMA,Pharma,1575.97,1589.32,1563.54,1575.34,91282,143800185.88,3651,55.32
2025-12-31,SUNPHARMA,Pharma,1582.32,1590.83,1561.82,1573.71,300117,472297124.07,14291,63.82
2026-01-01,SUNPHARMA,Pharma,1617.55,1625.64,1599.89,1611.26,55444,89334699.44,1980,63.27
2026-01-02,SUNPHARMA,Pharma,1613.24,1617.95,1594.02,1617.92,146516,237051166.72,9767,61.87
2026-01-05,SUNPHARMA,Pharma,1610.72,1613.77,1606.07,1610.11,392803,632456038.33,24550,67.99
2026-01-06,SUNPHARMA,Pharma,1600.93,1626.15,1592.39,1607.91,174416,280445230.56,7928,35.47
2026-01-07,SUNPHARMA,Pharma,1594.8,1611.69,1582.69,1601.19,177324,283929415.56,11082,68.63
2026-01-08,SUNPHARMA,Pharma,1590.11,1600.72,1578.49,1587.34,183392,291105457.28,6549,47.53
2026-01-09,SUNPHARMA,Pharma,1558.25,1572.36,1557.12,1567.25,123722,193903304.5,8248,72.05
2026-01-12,SUNPHARMA,Pharma,1548.29,1561.24,1544.52,1552.21,309402,480256878.42,15470,61.02
2026-01-13,SUNPHARMA,Pharma,1579.36,1592.76,1570.28,1580.29,198712,314022586.48,11039,36.64
2026-01-14,SUNPHARMA,Pharma,1564.44,1572.6,1549.61,1558.16,95926,149468056.16,3996,53.0
2026-01-15,SUNPHARMA,Pharma,1528.35,1533.76,1524.03,1532.66,125976,193078376.16,8398,55.58
2026-01-16,SUNPHARMA,Pharma,1501.89,1508.5,1497.6,1505.6,175724,264570054.4,9248,70.62
2026-01-19,SUNPHARMA,Pharma,1483.99,1492.7,1471.19,1476.27,210753,311128331.31,11092,61.78
2026-01-20,SUNPHARMA,Pharma,1498.39,1504.28,1477.4,1485.31,132161,196300054.91,6955,46.96
2026-01-21,SUNPHARMA,Pharma,1472.96,1474.96,1460.28,1466.31,292878,429449940.18,10847,65.79
2026-01-22,SUNPHARMA,Pharma,1487.11,1495.26,1465.96,1481.21,655415,970807252.15,27308,72.37
2026-01-23,SUNPHARMA,Pharma,1437.79,1456.65,1429.45,1448.53,151422,219339309.66,8907,56.2
2026-01-26,SUNPHARMA,Pharma,1441.88,1461.55,1433.89,1443.99,141993,205036472.07,5679,41.78
2026-01-27,SUNPHARMA,Pharma,1486.73,1497.75,1463.6,1478.11,205721,304078267.31,7093,45.27
2026-01-28,SUNPHARMA,Pharma,1479.84,1487.87,1472.25,1475.93,387887,572494059.91,16161,70.9
2026-01-29,SUNPHARMA,Pharma,1493.41,1496.36,1472.51,1488.03,215428,320563326.84,10258,36.24
2026-01-30,SUNPHARMA,Pharma,1522.68,1531.76,1500.2,1513.31,174029,263359825.99,9159,48.07
2026-02-02,SUNPHARMA,Pharma,1521.59,1537.44,1516.83,1532.0,172378,264083096.0,8208,43.93
2026-02-03,SUNPHARMA,Pharma,1535.07,1547.14,1527.24,1535.9,189366,290847239.4,11139,42.1
2026-02-04,SUNPHARMA,Pharma,1552.51,1555.84,1535.89,1551.5,118336,183598304.0,6960,56.7
2026-02-05,SUNPHARMA,Pharma,1544.63,1559.9,1535.83,1551.73,113660,176369631.8,5982,55.66
2026-02-06,SUNPHARMA,Pharma,1543.14,1558.33,1529.72,1539.64,102131,157244972.84,4642,64.44
2026-02-09,SUNPHARMA,Pharma,1540.35,1543.43,1538.07,1542.48,194354,299787157.92,7475,35.55
2026-02-10,SUNPHARMA,Pharma,1541.64,1548.3,1525.66,1533.56,267895,410833056.2,11162,64.94
2026-02-11,SUNPHARMA,Pharma,1546.02,1552.15,1535.43,1542.61,175234,270317720.74,6042,38.24
2026-02-12,SUNPHARMA,Pharma,1504.62,1512.69,1486.38,1500.51,174761,262230628.11,10280,39.12
2026-02-13,SUNPHARMA,Pharma,1514.69,1530.52,1511.48,1514.49,247057,374165355.93,13003,48.37
2026-02-16,SUNPHARMA,Pharma,1524.46,1532.18,1518.96,1524.29,290627,442999829.83,13210,46.53
2026-02-17,SUNPHARMA,Pharma,1520.13,1540.31,1516.05,1528.56,73605,112509658.8,2628,71.97
2026-02-18,SUNPHARMA,Pharma,1535.35,1541.31,1534.09,1534.96,185127,284162539.92,10284,59.14
2026-02-19,SUNPHARMA,Pharma,1544.31,1560.82,1532.72,1550.42,118128,183148013.76,6217,74.45
2026-02-20,SUNPHARMA,Pharma,1518.11,1528.52,1509.08,1522.48,122638,186713902.24,4379,55.26
2026-02-23,SUNPHARMA,Pharma,1502.72,1515.78,1487.08,1505.5,83810,126175955.0,5238,52.26
2026-02-24,SUNPHARMA,Pharma,1479.18,1479.63,1470.6,1478.63,251641,372083931.83,15727,50.25
2026-02-25,SUNPHARMA,Pharma,1528.02,1532.86,1505.66,1518.43,150693,228816771.99,8864,42.37
2026-02-26,SUNPHARMA,Pharma,1520.45,1535.09,1517.34,1532.91,143681,220250041.71,4954,43.25
2026-02-27,SUNPHARMA,Pharma,1530.82,1534.16,1513.89,1517.24,349309,529985587.16,12475,51.45
2026-03-02,SUNPHARMA,Pharma,1564.96,1568.56,1550.42,1560.05,109083,170174934.15,4040,59.58
2026-03-03,SUNPHARMA,Pharma,1554.93,1568.81,1542.1,1555.07,95016,147756531.12,3276,68.46
2026-03-04,SUNPHARMA,Pharma,1541.03,1555.89,1539.89,1547.97,340164,526563667.08,15462,40.45
2026-03-05,SUNPHARMA,Pharma,1529.88,1551.38,1528.03,1538.96,82020,126225499.2,3905,58.99
2026-03-06,SUNPHARMA,Pharma,1536.28,1547.68,1519.43,1531.82,73509,112602556.38,2534,56.74
2026-03-09,SUNPHARMA,Pharma,1540.81,1563.1,1534.95,1548.01,173614,268756208.14,8680,64.87
2026-03-10,SUNPHARMA,Pharma,1520.94,1524.39,1514.35,1520.77,676974,1029521749.98,39822,43.4
2026-03-11,SUNPHARMA,Pharma,1521.11,1534.34,1518.46,1530.94,139370,213367107.8,6059,46.01
2026-03-12,SUNPHARMA,Pharma,1510.31,1515.94,1497.17,1509.06,159440,240604526.4,7972,54.62
2026-03-13,SUNPHARMA,Pharma,1509.5,1515.56,1505.27,1506.36,198181,298531931.16,9437,65.36
2026-03-16,SUNPHARMA,Pharma,1526.45,1537.69,1523.93,1530.17,97560,149283385.2,4645,50.79
2026-03-17,SUNPHARMA,Pharma,1528.6,1536.15,1509.97,1522.24,49794,75798418.56,3319,62.19
2026-03-18,SUNPHARMA,Pharma,1526.52,1536.69,1516.67,1518.22,44440,67469696.8,1645,51.44
2026-03-19,SUNPHARMA,Pharma,1497.85,1509.51,1485.16,1489.91,208750,311018712.5,7455,64.13
2026-03-20,SUNPHARMA,Pharma,1512.52,1518.07,1506.37,1512.9,108615,164323633.5,4022,49.37
2026-03-23,SUNPHARMA,Pharma,1517.7,1537.16,1506.66,1531.35,185971,284786690.85,12398,40.8
2026-03-24,SUNPHARMA,Pharma,1520.82,1541.93,1508.6,1528.32,229418,350624117.76,11470,56.19
2026-03-25,SUNPHARMA,Pharma,1537.26,1547.22,1525.35,1531.34,235840,361151225.6,13102,74.28
2026-03-26,SUNPHARMA,Pharma,1527.19,1535.53,1516.54,1523.27,152980,233029844.6,8051,41.47
2026-03-27,SUNPHARMA,Pharma,1557.47,1569.51,1545.67,1557.24,255340,397625661.6,8804,67.19
2026-03-30,SUNPHARMA,Pharma,1563.02,1573.8,1553.48,1554.37,125784,195514876.08,5241,47.92
2026-03-31,SUNPHARMA,Pharma,1539.12,1553.76,1535.49,1542.19,197573,304695104.87,7056,44.14
2026-04-01,SUNPHARMA,Pharma,1565.95,1574.3,1559.75,1571.79,121431,190864031.49,7143,53.21
2026-04-02,SUNPHARMA,Pharma,1573.31,1586.5,1565.98,1567.3,265462,416058592.6,14747,45.29
2026-04-03,SUNPHARMA,Pharma,1562.47,1570.85,1555.53,1562.9,298362,466309969.8,11050,50.95
2026-04-06,SUNPHARMA,Pharma,1526.1,1551.59,1514.14,1541.32,119253,183807033.96,5962,53.25
2026-04-07,SUNPHARMA,Pharma,1557.12,1569.49,1547.45,1557.15,204540,318499461.0,7575,53.18
2026-04-08,SUNPHARMA,Pharma,1573.57,1589.84,1573.06,1578.67,330864,522325070.88,14385,39.37
2026-04-09,SUNPHARMA,Pharma,1576.54,1585.54,1565.39,1577.26,130300,205516978.0,5429,56.34
2026-04-10,SUNPHARMA,Pharma,1580.56,1585.78,1571.35,1580.96,130117,205709772.32,6848,63.3
2026-04-13,SUNPHARMA,Pharma,1568.39,1579.17,1562.25,1562.31,97028,151587814.68,5390,60.71
2026-04-14,SUNPHARMA,Pharma,1593.94,1599.95,1581.41,1588.5,97930,155561805.0,3376,41.79
2026-04-15,SUNPHARMA,Pharma,1574.62,1594.63,1556.61,1587.81,75171,119357265.51,4698,40.2
2026-04-16,SUNPHARMA,Pharma,1611.33,1622.46,1609.17,1613.56,101357,163545600.92,4223,59.38
2026-04-17,SUNPHARMA,Pharma,1607.84,1633.39,1606.33,1619.55,151131,244764211.05,10075,66.11
2026-04-20,SUNPHARMA,Pharma,1620.61,1630.17,1602.19,1617.41,46394,75038119.54,2209,64.19
2026-04-21,SUNPHARMA,Pharma,1605.08,1619.5,1595.33,1606.18,168089,269981190.02,6723,47.81
2026-04-22,SUNPHARMA,Pharma,1618.44,1631.54,1612.73,1619.57,190477,308490834.89,10582,67.65
2026-04-23,SUNPHARMA,Pharma,1614.24,1632.71,1597.93,1622.46,159826,259311291.96,8411,62.39
2026-04-24,SUNPHARMA,Pharma,1654.63,1660.99,1644.49,1652.69,134591,222437199.79,7477,46.22
2026-04-27,SUNPHARMA,Pharma,1645.11,1663.33,1636.31,1651.07,85579,141296919.53,5348,74.57
2026-04-28,SUNPHARMA,Pharma,1635.95,1643.83,1629.27,1636.21,126559,207077101.39,5502,69.69
2026-04-29,SUNPHARMA,Pharma,1653.0,1657.76,1638.12,1648.14,169644,279597062.16,8928,66.62
2026-04-30,SUNPHARMA,Pharma,1636.71,1643.71,1620.99,1639.35,259201,424921159.35,10368,46.52
2026-05-01,SUNPHARMA,Pharma,1642.36,1647.22,1638.09,1639.97,340421,558280227.37,22694,63.35
2026-05-04,SUNPHARMA,Pharma,1625.6,1632.65,1620.36,1627.85,302785,492888562.25,12111,56.37
2026-05-05,SUNPHARMA,Pharma,1617.48,1621.39,1612.58,1613.79,70673,114051380.67,2826,73.51
2026-05-06,SUNPHARMA,Pharma,1618.92,1623.48,1615.72,1620.32,136049,220442915.68,6478,35.78
2026-05-07,SUNPHARMA,Pharma,1639.72,1649.2,1637.05,1640.53,215688,353842634.64,12687,46.94
2026-05-08,SUNPHARMA,Pharma,1634.02,1655.77,1622.01,1643.11,103879,170684623.69,5467,37.26
2026-05-11,SUNPHARMA,Pharma,1640.44,1654.85,1639.34,1643.08,172387,283245631.96,6384,55.81
2026-05-12,SUNPHARMA,Pharma,1642.81,1649.41,1636.74,1636.9,96741,158355342.9,3455,44.23
2026-05-13,SUNPHARMA,Pharma,1656.92,1661.62,1631.92,1648.7,237079,390872147.3,9483,62.34
2026-05-14,SUNPHARMA,Pharma,1625.97,1631.07,1619.57,1627.41,342367,557171479.47,22824,37.34
2026-05-15,SUNPHARMA,Pharma,1590.77,1601.87,1580.28,1596.2,116807,186447333.4,6147,70.92
2026-05-18,SUNPHARMA,Pharma,1620.28,1640.23,1610.63,1625.41,116801,189849513.41,4027,46.8
2026-05-19,SUNPHARMA,Pharma,1647.69,1657.83,1636.84,1643.66,237210,389892588.6,13953,58.27
2026-05-20,SUNPHARMA,Pharma,1664.28,1665.72,1657.72,1662.42,138166,229689921.72,7271,63.11
2026-05-21,SUNPHARMA,Pharma,1669.27,1683.74,1654.99,1665.68,110140,183457995.2,6883,61.42
2026-05-22,SUNPHARMA,Pharma,1659.95,1679.05,1656.94,1662.25,327293,544042789.25,17225,58.63
2026-05-25,SUNPHARMA,Pharma,1673.22,1680.29,1651.45,1666.12,208085,346694580.2,9458,54.91
2026-05-26,SUNPHARMA,Pharma,1632.27,1640.16,1618.24,1626.21,155813,253384658.73,6492,61.28
2026-05-27,SUNPHARMA,Pharma,1650.55,1650.98,1638.89,1641.98,310585,509974358.3,11092,54.79
2026-05-28,SUNPHARMA,Pharma,1640.05,1657.17,1637.67,1646.72,198894,327522727.68,9040,74.04
2026-05-29,SUNPHARMA,Pharma,1677.7,1692.65,1663.68,1680.18,187498,315030389.64,7211,71.13
2026-06-01,SUNPHARMA,Pharma,1666.58,1676.42,1660.0,1661.96,68670,114126793.2,3815,37.84
2026-06-02,SUNPHARMA,Pharma,1679.94,1685.01,1665.82,1676.07,279069,467739178.83,12684,62.93
2026-06-03,SUNPHARMA,Pharma,1672.95,1679.07,1654.36,1660.19,137055,227537340.45,9137,43.05
2026-06-04,SUNPHARMA,Pharma,1631.05,1637.58,1621.52,1634.43,42732,69842462.76,1780,74.44
2026-06-05,SUNPHARMA,Pharma,1656.33,1666.44,1645.32,1650.09,147439,243287619.51,6143,69.31
2026-06-08,SUNPHARMA,Pharma,1698.4,1714.37,1694.9,1705.92,225723,385065380.16,8061,63.47
2026-06-09,SUNPHARMA,Pharma,1724.04,1727.07,1708.38,1719.61,395978,680927728.58,17999,53.58
2026-06-10,SUNPHARMA,Pharma,1664.59,1679.91,1653.25,1660.04,319033,529607541.32,19939,50.94
2026-06-11,SUNPHARMA,Pharma,1660.02,1671.12,1646.45,1665.46,72597,120907399.62,3024,67.86
2026-06-12,SUNPHARMA,Pharma,1653.86,1671.88,1643.09,1662.47,159958,265925376.26,5515,36.8
2026-06-15,SUNPHARMA,Pharma,1653.34,1663.51,1641.72,1649.26,103967,171468614.42,4158,68.37
2026-06-16,SUNPHARMA,Pharma,1701.83,1710.02,1684.88,1690.99,270324,457115180.76,11753,56.23
2026-06-17,SUNPHARMA,Pharma,1681.03,1692.62,1673.99,1682.97,75227,126604784.19,3959,63.16
2026-06-18,SUNPHARMA,Pharma,1697.37,1706.26,1688.0,1695.69,282581,479169775.89,16622,41.25
2026-06-19,SUNPHARMA,Pharma,1673.42,1689.3,1662.47,1687.15,353385,596213502.75,12620,46.75
2025-12-22,DRREDDY,Pharma,6097.17,6137.34,6066.31,6100.0,176124,1074356400.0,7338,58.75
2025-12-23,DRREDDY,Pharma,6151.85,6192.02,6091.12,6136.75,192136,1179090598.0,7685,46.71
2025-12-24,DRREDDY,Pharma,6020.67,6036.38,6008.82,6021.25,118844,715589435.0,4570,50.73
2025-12-25,DRREDDY,Pharma,6003.21,6055.52,5961.31,6039.75,131741,795682704.75,6933,45.72
2025-12-26,DRREDDY,Pharma,6113.04,6120.2,6071.29,6084.13,114793,698415535.09,7174,65.74
2025-12-29,DRREDDY,Pharma,6118.48,6162.31,6113.43,6124.96,49392,302524024.32,2352,66.04
2025-12-30,DRREDDY,Pharma,6011.75,6067.39,5992.15,6007.41,130648,784856101.68,6532,51.12
2025-12-31,DRREDDY,Pharma,6233.02,6271.79,6163.93,6227.04,560527,3490424050.08,24370,49.67
2026-01-01,DRREDDY,Pharma,6367.35,6398.82,6292.32,6325.56,168759,1067495180.04,7337,51.32
2026-01-02,DRREDDY,Pharma,6203.72,6277.58,6156.47,6231.06,191380,1192500262.8,6599,48.17
2026-01-05,DRREDDY,Pharma,6378.85,6381.87,6307.97,6335.53,246128,1559351327.84,12306,73.33
2026-01-06,DRREDDY,Pharma,6346.15,6352.45,6343.17,6345.88,232609,1476108800.92,8946,45.38
2026-01-07,DRREDDY,Pharma,6286.26,6331.07,6247.34,6315.74,142797,901868724.78,7139,51.37
2026-01-08,DRREDDY,Pharma,6313.18,6333.24,6263.1,6290.78,327621,2060991634.38,11297,70.48
2026-01-09,DRREDDY,Pharma,6167.71,6202.65,6113.21,6199.71,52964,328361440.44,2302,56.45
2026-01-12,DRREDDY,Pharma,6045.63,6097.93,6010.7,6096.2,127729,778661529.8,4912,61.05
2026-01-13,DRREDDY,Pharma,5996.99,6051.35,5984.34,6021.26,41895,252260687.7,2327,43.14
2026-01-14,DRREDDY,Pharma,5832.43,5881.9,5803.31,5878.63,124019,729061813.97,5637,73.44
2026-01-15,DRREDDY,Pharma,5850.22,5882.18,5769.0,5852.39,243094,1422680894.66,14299,37.4
2026-01-16,DRREDDY,Pharma,5749.59,5791.06,5715.78,5769.53,405549,2339827121.97,21344,71.18
2026-01-19,DRREDDY,Pharma,5746.7,5797.44,5731.28,5752.61,385969,2220329129.09,19298,38.48
2026-01-20,DRREDDY,Pharma,5881.71,5916.21,5819.29,5896.72,106357,627157449.04,4090,35.48
2026-01-21,DRREDDY,Pharma,5845.71,5886.03,5819.37,5859.71,243644,1427683183.24,16242,72.12
2026-01-22,DRREDDY,Pharma,5831.71,5889.64,5816.33,5843.72,105251,615057373.72,5539,71.24
2026-01-23,DRREDDY,Pharma,5825.13,5868.89,5776.48,5815.8,88584,515186827.2,3407,46.58
2026-01-26,DRREDDY,Pharma,5781.9,5862.2,5719.46,5801.06,185048,1073474550.88,9739,71.03
2026-01-27,DRREDDY,Pharma,5838.98,5884.79,5778.83,5826.5,260291,1516585511.5,9296,69.63
2026-01-28,DRREDDY,Pharma,5701.85,5772.38,5683.66,5717.1,89566,512057778.6,3444,51.99
2026-01-29,DRREDDY,Pharma,5745.36,5766.92,5700.87,5736.93,163505,938016739.65,7108,74.28
2026-01-30,DRREDDY,Pharma,5687.19,5729.1,5655.68,5703.82,108289,617660963.98,4164,41.41
2026-02-02,DRREDDY,Pharma,5662.93,5699.69,5611.46,5684.44,221274,1257818776.56,11646,39.94
2026-02-03,DRREDDY,Pharma,5698.3,5712.45,5675.24,5693.05,111188,632998843.4,3971,68.28
2026-02-04,DRREDDY,Pharma,5825.64,5872.94,5771.46,5853.95,115396,675522414.2,5769,54.68
2026-02-05,DRREDDY,Pharma,5825.12,5855.21,5766.77,5803.14,128914,748105989.96,8594,36.05
2026-02-06,DRREDDY,Pharma,5717.92,5718.19,5692.74,5711.8,161826,924317746.8,7706,63.19
2026-02-09,DRREDDY,Pharma,5709.33,5750.08,5664.95,5726.9,111663,639482834.7,3850,40.72
2026-02-10,DRREDDY,Pharma,5724.98,5777.41,5682.67,5734.86,421894,2419503024.84,19177,35.64
2026-02-11,DRREDDY,Pharma,5878.05,5907.69,5854.34,5880.76,109918,646401377.68,7327,55.37
2026-02-12,DRREDDY,Pharma,5699.67,5784.22,5664.96,5733.21,168994,968878090.74,7041,54.06
2026-02-13,DRREDDY,Pharma,5627.7,5688.05,5595.38,5645.37,161970,914380578.9,5784,65.11
2026-02-16,DRREDDY,Pharma,5687.54,5724.89,5679.82,5708.59,169166,965699335.94,6265,59.21
2026-02-17,DRREDDY,Pharma,5683.39,5760.87,5652.17,5717.38,142776,816304646.88,6798,58.08
2026-02-18,DRREDDY,Pharma,5766.37,5805.84,5720.07,5781.13,83632,483487464.16,3097,56.37
2026-02-19,DRREDDY,Pharma,5783.0,5831.89,5744.52,5776.51,126341,729810049.91,6317,55.46
2026-02-20,DRREDDY,Pharma,5721.23,5751.5,5613.57,5660.84,182781,1034693996.04,6527,35.33
2026-02-23,DRREDDY,Pharma,5501.92,5506.99,5472.59,5500.78,113699,625433185.22,4211,36.16
2026-02-24,DRREDDY,Pharma,5439.08,5502.29,5416.63,5443.15,134434,731744427.1,7907,59.32
2026-02-25,DRREDDY,Pharma,5483.87,5498.08,5446.0,5486.28,127112,697372023.36,4539,59.62
2026-02-26,DRREDDY,Pharma,5537.74,5542.47,5497.59,5503.39,313239,1723876380.21,18425,63.65
2026-02-27,DRREDDY,Pharma,5492.11,5522.44,5462.7,5497.97,245262,1348443118.14,9810,38.8
2026-03-02,DRREDDY,Pharma,5384.41,5411.68,5350.85,5408.77,81700,441896509.0,3404,72.53
2026-03-03,DRREDDY,Pharma,5342.97,5383.28,5315.99,5340.94,116126,620221998.44,6451,38.99
2026-03-04,DRREDDY,Pharma,5354.66,5372.96,5311.63,5338.24,198666,1060526787.84,9460,58.94
2026-03-05,DRREDDY,Pharma,5206.59,5246.58,5179.89,5220.41,230272,1202114251.52,8856,49.6
2026-03-06,DRREDDY,Pharma,5288.95,5316.62,5252.0,5287.84,330862,1749545318.08,13234,69.87
2026-03-09,DRREDDY,Pharma,5292.55,5339.12,5269.73,5307.26,92712,492046689.12,4414,66.08
2026-03-10,DRREDDY,Pharma,5307.42,5347.01,5281.44,5313.99,106195,564319168.05,4617,73.99
2026-03-11,DRREDDY,Pharma,5315.48,5352.58,5250.43,5283.93,267127,1411480369.11,11614,41.3
2026-03-12,DRREDDY,Pharma,5346.21,5399.15,5286.08,5311.75,184702,981090848.5,10261,64.08
2026-03-13,DRREDDY,Pharma,5350.63,5377.39,5317.97,5354.18,130832,700498077.76,5946,70.74
2026-03-16,DRREDDY,Pharma,5390.97,5437.02,5380.96,5425.07,110051,597034378.57,6473,47.58
2026-03-17,DRREDDY,Pharma,5399.56,5452.75,5363.28,5412.66,126636,685437611.76,4690,44.83
2026-03-18,DRREDDY,Pharma,5390.71,5462.27,5386.79,5426.08,239134,1297560214.72,13285,36.06
2026-03-19,DRREDDY,Pharma,5358.43,5421.26,5313.3,5389.29,118370,637930257.3,4081,55.78
2026-03-20,DRREDDY,Pharma,5296.4,5328.21,5238.88,5302.13,229458,1216616145.54,12076,56.26
2026-03-23,DRREDDY,Pharma,5380.11,5392.79,5322.21,5386.72,212437,1144338636.64,7325,46.0
2026-03-24,DRREDDY,Pharma,5423.09,5440.25,5418.83,5425.95,220994,1199102394.3,11049,62.49
2026-03-25,DRREDDY,Pharma,5454.14,5499.72,5414.27,5484.52,234527,1286268022.04,9771,57.14
2026-03-26,DRREDDY,Pharma,5602.81,5628.19,5556.62,5590.32,303074,1694280643.68,20204,60.69
2026-03-27,DRREDDY,Pharma,5751.73,5812.83,5722.5,5737.68,183793,1054545420.24,9673,41.61
2026-03-30,DRREDDY,Pharma,5771.62,5803.93,5668.07,5731.06,99594,570779189.64,6639,56.29
2026-03-31,DRREDDY,Pharma,5782.8,5832.55,5748.4,5809.23,129107,750012257.61,5868,49.68
2026-04-01,DRREDDY,Pharma,5813.51,5845.5,5782.65,5818.63,140238,815993033.94,8249,66.79
2026-04-02,DRREDDY,Pharma,5877.04,5888.79,5821.1,5875.0,165586,972817750.0,5913,74.88
2026-04-03,DRREDDY,Pharma,6001.76,6060.59,5988.03,6046.99,327096,1977946241.04,14221,35.87
2026-04-06,DRREDDY,Pharma,5913.58,6009.38,5853.69,5971.3,225400,1345931020.0,8669,43.47
2026-04-07,DRREDDY,Pharma,6024.76,6050.22,6003.27,6035.28,159165,960605341.2,6631,55.7
2026-04-08,DRREDDY,Pharma,6028.36,6058.08,5997.9,6024.26,205146,1235852841.96,8205,36.63
2026-04-09,DRREDDY,Pharma,5960.39,5962.3,5926.21,5943.17,115025,683613129.25,5477,58.24
2026-04-10,DRREDDY,Pharma,5914.23,5959.62,5856.66,5893.63,131863,777151732.69,6593,55.2
2026-04-13,DRREDDY,Pharma,5776.96,5814.09,5730.75,5769.81,43221,249376958.01,1964,64.63
2026-04-14,DRREDDY,Pharma,5674.42,5715.41,5645.47,5658.88,226438,1281385469.44,10782,64.83
2026-04-15,DRREDDY,Pharma,5655.74,5697.3,5584.64,5640.89,132080,745048751.2,5742,50.96
2026-04-16,DRREDDY,Pharma,5712.15,5802.38,5683.97,5739.44,110111,631975477.84,5005,69.95
2026-04-17,DRREDDY,Pharma,5712.01,5726.06,5656.8,5715.02,172182,984023573.64,8609,66.68
2026-04-20,DRREDDY,Pharma,5640.26,5652.14,5592.51,5613.6,113306,636054561.6,7553,66.99
2026-04-21,DRREDDY,Pharma,5511.28,5536.68,5468.75,5517.68,96814,534188671.52,3723,56.6
2026-04-22,DRREDDY,Pharma,5472.15,5536.1,5404.96,5515.86,122113,673558212.18,7183,60.76
2026-04-23,DRREDDY,Pharma,5491.22,5559.88,5486.07,5526.83,62116,343304572.28,2957,70.8
2026-04-24,DRREDDY,Pharma,5626.74,5653.11,5558.63,5616.63,77683,436316668.29,3531,72.56
2026-04-27,DRREDDY,Pharma,5716.17,5716.67,5663.38,5710.92,292448,1670147132.16,12185,66.06
2026-04-28,DRREDDY,Pharma,5778.29,5818.32,5707.89,5732.88,59254,339696071.52,3703,72.55
2026-04-29,DRREDDY,Pharma,5883.67,5927.94,5818.59,5828.21,410979,2395271917.59,14677,51.29
2026-04-30,DRREDDY,Pharma,5873.04,5883.75,5821.5,5847.16,773623,4523497460.68,32234,67.73
2026-05-01,DRREDDY,Pharma,5837.22,5917.4,5827.98,5869.86,221261,1298771093.46,9620,61.38
2026-05-04,DRREDDY,Pharma,5849.69,5875.53,5779.6,5830.83,224882,1311248712.06,10221,43.76
2026-05-05,DRREDDY,Pharma,5652.51,5721.42,5645.05,5693.43,207455,1181130520.65,7683,46.43
2026-05-06,DRREDDY,Pharma,5723.9,5744.9,5694.27,5708.19,117996,673543587.24,4916,58.61
2026-05-07,DRREDDY,Pharma,5776.16,5807.07,5755.39,5785.31,439247,2541180061.57,19965,64.14
2026-05-08,DRREDDY,Pharma,5783.87,5819.75,5740.67,5773.78,132132,762901098.96,7340,41.12
2026-05-11,DRREDDY,Pharma,5639.03,5730.6,5610.25,5699.2,277912,1583876070.4,18527,38.04
2026-05-12,DRREDDY,Pharma,5561.6,5589.61,5483.83,5517.82,321145,1772020303.9,16902,57.19
2026-05-13,DRREDDY,Pharma,5517.29,5573.12,5470.71,5489.76,62634,343845627.84,3131,68.86
2026-05-14,DRREDDY,Pharma,5435.7,5502.44,5381.9,5416.79,141426,766074942.54,8319,55.06
2026-05-15,DRREDDY,Pharma,5291.08,5394.43,5273.18,5349.89,136884,732314342.76,8052,39.9
2026-05-18,DRREDDY,Pharma,5420.22,5461.64,5405.72,5422.01,322560,1748923545.6,16128,60.01
2026-05-19,DRREDDY,Pharma,5428.08,5467.59,5404.84,5446.24,159357,867896467.68,7967,62.95
2026-05-20,DRREDDY,Pharma,5518.07,5578.53,5490.85,5519.6,250556,1382968897.6,8948,45.74
2026-05-21,DRREDDY,Pharma,5578.66,5608.74,5496.75,5550.64,114120,633439036.8,3935,47.17
2026-05-22,DRREDDY,Pharma,5660.06,5723.79,5642.98,5676.31,125810,714136561.1,5470,45.5
2026-05-25,DRREDDY,Pharma,5687.42,5703.12,5665.02,5668.63,113237,641898655.31,5147,67.43
2026-05-26,DRREDDY,Pharma,5420.75,5447.24,5405.44,5421.66,129932,704447127.12,4640,43.78
2026-05-27,DRREDDY,Pharma,5483.51,5523.65,5453.48,5458.91,251381,1372266254.71,13965,38.19
2026-05-28,DRREDDY,Pharma,5498.89,5524.44,5465.02,5484.95,183960,1009011402.0,7665,68.64
2026-05-29,DRREDDY,Pharma,5666.6,5722.24,5572.88,5639.03,121843,687076332.29,7615,55.48
2026-06-01,DRREDDY,Pharma,5658.76,5725.63,5580.15,5618.68,170227,956451040.36,7401,60.2
2026-06-02,DRREDDY,Pharma,5595.95,5617.88,5578.6,5595.26,244455,1367789283.3,9778,55.21
2026-06-03,DRREDDY,Pharma,5667.97,5717.03,5625.15,5681.6,103275,586767240.0,6885,50.89
2026-06-04,DRREDDY,Pharma,5490.72,5515.69,5455.79,5509.36,391525,2157052174.0,16313,57.21
2026-06-05,DRREDDY,Pharma,5596.05,5602.71,5550.59,5563.78,228701,1272442049.78,11435,54.95
2026-06-08,DRREDDY,Pharma,5593.53,5626.57,5571.2,5594.0,194719,1089258086.0,9735,67.39
2026-06-09,DRREDDY,Pharma,5716.72,5758.41,5635.1,5693.08,128711,732762019.88,5596,49.76
2026-06-10,DRREDDY,Pharma,5692.99,5749.35,5636.05,5711.39,239241,1366398654.99,9569,61.96
2026-06-11,DRREDDY,Pharma,5816.39,5848.01,5753.05,5788.49,255404,1478403499.96,15023,39.5
2026-06-12,DRREDDY,Pharma,5735.39,5758.18,5678.35,5716.05,204495,1168903644.75,7865,42.18
2026-06-15,DRREDDY,Pharma,5753.46,5811.07,5722.62,5771.82,99055,571727630.1,5213,42.76
2026-06-16,DRREDDY,Pharma,5973.64,5976.67,5917.85,5972.59,174763,1043787746.17,7281,58.25
2026-06-17,DRREDDY,Pharma,5959.41,6014.63,5931.58,5974.47,148443,886868250.21,5937,61.16
2026-06-18,DRREDDY,Pharma,5897.84,5941.58,5865.4,5909.77,180086,1064266840.22,6669,53.49
2026-06-19,DRREDDY,Pharma,5960.93,5991.97,5929.89,5945.87,333435,1982561163.45,14497,65.57
2025-12-22,TATAMOTORS,Auto,972.28,984.58,965.53,980.0,98034,96073320.0,4901,48.49
2025-12-23,TATAMOTORS,Auto,965.49,972.85,955.89,961.75,68834,66201099.5,2992,35.57
2025-12-24,TATAMOTORS,Auto,962.63,965.15,957.76,963.63,110931,106896439.53,6162,49.22
2025-12-25,TATAMOTORS,Auto,920.11,928.77,914.28,919.92,121213,111506262.96,8080,63.31
2025-12-26,TATAMOTORS,Auto,947.38,952.41,937.26,941.81,74684,70338138.04,3247,65.96
2025-12-29,TATAMOTORS,Auto,948.08,956.81,941.46,948.19,107858,102269877.02,7190,53.7
2025-12-30,TATAMOTORS,Auto,935.78,941.59,934.02,940.12,271364,255114723.68,11306,63.89
2025-12-31,TATAMOTORS,Auto,944.72,946.6,940.49,945.66,116011,109706962.26,4296,50.48
2026-01-01,TATAMOTORS,Auto,953.92,959.49,948.26,948.77,132828,126023221.56,7379,50.42
2026-01-02,TATAMOTORS,Auto,932.3,934.59,924.98,930.49,112912,105063486.88,5376,46.02
2026-01-05,TATAMOTORS,Auto,942.77,948.7,934.99,938.02,215567,202206157.34,9798,47.87
2026-01-06,TATAMOTORS,Auto,929.4,932.58,921.69,930.59,227457,211669209.63,15163,74.49
2026-01-07,TATAMOTORS,Auto,931.53,932.36,923.88,930.25,164008,152568442.0,6833,62.96
2026-01-08,TATAMOTORS,Auto,928.46,935.77,924.23,929.22,186729,173512321.38,8118,45.2
2026-01-09,TATAMOTORS,Auto,914.47,916.7,903.37,910.56,231461,210759128.16,13615,55.6
2026-01-12,TATAMOTORS,Auto,909.39,917.59,905.26,905.48,67277,60917977.96,4204,72.92
2026-01-13,TATAMOTORS,Auto,917.28,919.75,912.37,917.23,57883,53092024.09,3858,37.99
2026-01-14,TATAMOTORS,Auto,901.03,907.17,900.66,901.19,123753,111524966.07,8250,68.42
2026-01-15,TATAMOTORS,Auto,910.82,916.92,903.31,911.05,137760,125506248.0,7250,43.28
2026-01-16,TATAMOTORS,Auto,915.9,923.06,911.78,915.7,102488,93848261.6,3534,66.23
2026-01-19,TATAMOTORS,Auto,885.08,887.05,879.71,882.61,284484,251088423.24,14224,73.63
2026-01-20,TATAMOTORS,Auto,905.83,914.57,899.61,910.02,89755,81678845.1,4079,40.87
2026-01-21,TATAMOTORS,Auto,946.83,952.94,942.92,948.24,176310,167184194.4,7665,63.74
2026-01-22,TATAMOTORS,Auto,946.58,956.52,939.02,947.4,255540,242098596.0,9126,41.52
2026-01-23,TATAMOTORS,Auto,937.62,938.44,933.41,935.16,181012,169275181.92,10056,40.54
2026-01-26,TATAMOTORS,Auto,927.18,937.17,920.59,927.93,243874,226298000.82,15242,64.06
2026-01-27,TATAMOTORS,Auto,950.06,955.37,932.55,941.16,124237,116926894.92,6211,36.32
2026-01-28,TATAMOTORS,Auto,945.9,953.04,936.97,944.22,93279,88075897.38,4663,61.81
2026-01-29,TATAMOTORS,Auto,917.84,922.97,909.92,915.68,268194,245579881.92,16762,54.67
2026-01-30,TATAMOTORS,Auto,893.12,902.1,891.08,895.73,108469,97158937.37,7231,37.8
2026-02-02,TATAMOTORS,Auto,905.84,910.84,895.94,903.88,249184,225232433.92,9967,43.58
2026-02-03,TATAMOTORS,Auto,902.5,908.82,895.26,897.83,293375,263400876.25,12755,42.41
2026-02-04,TATAMOTORS,Auto,889.11,898.8,887.75,887.82,171120,151923758.4,6581,50.96
2026-02-05,TATAMOTORS,Auto,910.39,924.28,901.53,916.06,105690,96818381.4,3914,37.09
2026-02-06,TATAMOTORS,Auto,895.47,898.07,890.76,894.49,170011,152073139.39,11334,35.8
2026-02-09,TATAMOTORS,Auto,901.09,901.1,888.84,900.67,211067,190101714.89,14071,72.36
2026-02-10,TATAMOTORS,Auto,887.31,893.69,880.87,890.3,113678,101207523.4,5167,40.23
2026-02-11,TATAMOTORS,Auto,874.15,883.46,865.77,871.91,245992,214482884.72,10249,58.75
2026-02-12,TATAMOTORS,Auto,863.27,868.42,859.57,863.93,127942,110532932.06,6733,62.87
2026-02-13,TATAMOTORS,Auto,860.23,873.85,859.56,863.53,85046,73439772.38,3149,65.05
2026-02-16,TATAMOTORS,Auto,853.15,862.51,845.13,856.67,160310,137332767.7,10019,57.99
2026-02-17,TATAMOTORS,Auto,849.74,856.5,843.63,855.43,351386,300586125.98,17569,39.75
2026-02-18,TATAMOTORS,Auto,870.46,872.43,862.38,867.61,188786,163792621.46,7866,51.35
2026-02-19,TATAMOTORS,Auto,833.24,839.8,825.86,831.46,212429,176626216.34,9236,49.71
2026-02-20,TATAMOTORS,Auto,815.78,826.24,810.88,815.43,167685,136735379.55,8825,64.44
2026-02-23,TATAMOTORS,Auto,811.0,817.89,809.22,811.16,130351,105735517.16,6860,68.96
2026-02-24,TATAMOTORS,Auto,800.99,805.09,793.14,798.59,263328,210291107.52,11449,60.75
2026-02-25,TATAMOTORS,Auto,786.73,791.15,780.51,787.39,111098,87477454.22,4629,55.67
2026-02-26,TATAMOTORS,Auto,805.69,810.78,803.59,808.39,179143,144817409.77,7788,51.73
2026-02-27,TATAMOTORS,Auto,802.3,808.39,792.97,799.98,188132,150501837.36,9406,49.62
2026-03-02,TATAMOTORS,Auto,826.18,831.1,820.97,823.8,209273,172399097.4,9965,43.62
2026-03-03,TATAMOTORS,Auto,797.79,803.61,795.22,795.78,196317,156225142.26,8535,36.66
2026-03-04,TATAMOTORS,Auto,757.02,760.48,752.8,757.2,91596,69356491.2,3982,48.74
2026-03-05,TATAMOTORS,Auto,771.46,779.61,764.34,767.97,160754,123454249.38,8037,65.17
2026-03-06,TATAMOTORS,Auto,752.19,759.33,746.75,755.77,144139,108935932.03,5338,69.8
2026-03-09,TATAMOTORS,Auto,750.96,758.02,744.47,746.21,168527,125756532.67,6481,60.89
2026-03-10,TATAMOTORS,Auto,769.99,775.49,761.44,766.76,66189,50751077.64,3151,44.1
2026-03-11,TATAMOTORS,Auto,754.5,756.26,748.95,754.71,195910,147855236.1,7255,62.08
2026-03-12,TATAMOTORS,Auto,767.4,769.74,757.74,767.86,94532,72587341.52,3376,61.91
2026-03-13,TATAMOTORS,Auto,755.87,762.52,753.13,760.18,97851,74384373.18,4077,63.93
2026-03-16,TATAMOTORS,Auto,773.24,778.5,766.36,771.44,198747,153321385.68,9033,54.67
2026-03-17,TATAMOTORS,Auto,766.21,771.23,756.53,761.01,129002,98171812.02,6789,48.47
2026-03-18,TATAMOTORS,Auto,749.4,753.71,741.96,745.75,166814,124401540.5,7943,42.45
2026-03-19,TATAMOTORS,Auto,771.4,775.12,763.29,767.45,206411,158410121.95,11467,58.18
2026-03-20,TATAMOTORS,Auto,777.23,787.82,773.06,779.44,210760,164274774.4,12397,47.99
2026-03-23,TATAMOTORS,Auto,771.69,779.25,768.6,772.33,59589,46022372.37,2207,71.24
2026-03-24,TATAMOTORS,Auto,776.3,781.47,773.68,777.05,388629,301984164.45,14393,43.69
2026-03-25,TATAMOTORS,Auto,796.3,802.37,791.39,801.07,90496,72493630.72,3619,72.34
2026-03-26,TATAMOTORS,Auto,791.73,795.28,787.7,790.43,150819,119211862.17,6557,70.44
2026-03-27,TATAMOTORS,Auto,778.28,782.55,773.35,777.33,57186,44452393.38,2287,51.67
2026-03-30,TATAMOTORS,Auto,775.72,789.76,771.62,781.9,200629,156871815.1,8025,36.14
2026-03-31,TATAMOTORS,Auto,819.15,826.67,811.83,821.41,292304,240101428.64,12708,55.19
2026-04-01,TATAMOTORS,Auto,831.69,836.55,828.94,831.46,98104,81569551.84,5450,57.51
2026-04-02,TATAMOTORS,Auto,848.63,852.91,840.49,849.94,192633,163726492.02,7705,39.66
2026-04-03,TATAMOTORS,Auto,840.63,845.46,834.42,841.42,188092,158264370.64,6966,53.41
2026-04-06,TATAMOTORS,Auto,832.36,839.28,830.98,832.99,545462,454364391.38,20202,42.51
2026-04-07,TATAMOTORS,Auto,837.63,842.53,827.02,831.85,101748,84639073.8,4069,40.93
2026-04-08,TATAMOTORS,Auto,869.83,877.09,860.89,865.28,372219,322073656.32,12835,67.74
2026-04-09,TATAMOTORS,Auto,891.99,895.64,887.35,892.89,94519,84395069.91,5907,52.69
2026-04-10,TATAMOTORS,Auto,941.57,952.21,931.94,936.51,479050,448635115.5,17108,51.64
2026-04-13,TATAMOTORS,Auto,910.62,914.78,909.59,910.49,277974,253092547.26,10691,54.47
2026-04-14,TATAMOTORS,Auto,904.51,913.26,902.9,910.24,102952,93711028.48,6434,73.88
2026-04-15,TATAMOTORS,Auto,920.76,925.49,911.99,920.08,98225,90374858.0,4911,48.64
2026-04-16,TATAMOTORS,Auto,924.48,930.4,914.36,917.26,484418,444337254.68,17941,36.43
2026-04-17,TATAMOTORS,Auto,916.68,926.73,911.44,916.95,106896,98018287.2,5626,65.17
2026-04-20,TATAMOTORS,Auto,930.95,937.23,921.72,929.74,160790,149492894.6,8039,60.84
2026-04-21,TATAMOTORS,Auto,911.26,920.03,907.1,916.27,101230,92754012.1,4401,36.58
2026-04-22,TATAMOTORS,Auto,912.17,922.01,905.79,909.01,167314,152090099.14,8365,71.6
2026-04-23,TATAMOTORS,Auto,895.68,903.88,891.39,896.87,298528,267740807.36,14215,44.61
2026-04-24,TATAMOTORS,Auto,868.4,872.99,865.04,868.79,318834,276999790.86,12262,49.65
2026-04-27,TATAMOTORS,Auto,884.07,891.77,876.06,887.83,147683,131117397.89,9230,53.97
2026-04-28,TATAMOTORS,Auto,878.4,882.27,871.95,875.75,98315,86099361.25,6554,52.82
2026-04-29,TATAMOTORS,Auto,866.77,874.25,864.39,867.15,107338,93078146.7,6314,37.59
2026-04-30,TATAMOTORS,Auto,871.54,881.29,863.49,872.99,241029,210415906.71,14178,51.44
2026-05-01,TATAMOTORS,Auto,865.56,876.27,862.05,871.25,235689,205344041.25,13864,68.97
2026-05-04,TATAMOTORS,Auto,859.52,864.21,854.34,859.73,100929,86771689.17,6728,35.74
2026-05-05,TATAMOTORS,Auto,865.17,871.36,860.39,866.07,193805,167848696.35,10200,61.69
2026-05-06,TATAMOTORS,Auto,860.82,862.63,857.15,858.01,204159,175170463.59,12009,47.86
2026-05-07,TATAMOTORS,Auto,819.47,823.76,816.7,820.86,205504,168690013.44,9341,54.12
2026-05-08,TATAMOTORS,Auto,848.23,852.52,838.3,844.22,189614,160075931.08,6771,71.25
2026-05-11,TATAMOTORS,Auto,830.44,837.76,823.4,828.62,62296,51619711.52,3893,46.66
2026-05-12,TATAMOTORS,Auto,805.38,810.59,802.47,808.47,501172,405182526.84,33411,66.62
2026-05-13,TATAMOTORS,Auto,792.46,796.5,791.5,794.42,175784,139646325.28,7031,60.91
2026-05-14,TATAMOTORS,Auto,795.47,799.33,790.53,793.93,117546,93323295.78,5343,68.26
2026-05-15,TATAMOTORS,Auto,786.47,786.61,781.73,785.36,77476,60846551.36,4304,64.05
2026-05-18,TATAMOTORS,Auto,797.62,805.21,794.6,801.13,184642,147922245.46,8027,35.8
2026-05-19,TATAMOTORS,Auto,827.86,837.62,823.98,831.35,127416,105927291.6,4900,61.65
2026-05-20,TATAMOTORS,Auto,832.0,835.53,827.93,830.75,121202,100688561.5,8080,62.26
2026-05-21,TATAMOTORS,Auto,819.59,826.7,811.85,815.84,121522,99142508.48,5283,37.16
2026-05-22,TATAMOTORS,Auto,812.41,815.25,801.52,808.78,212101,171543046.78,8837,38.55
2026-05-25,TATAMOTORS,Auto,816.07,822.29,809.28,816.2,200264,163455476.8,13350,67.02
2026-05-26,TATAMOTORS,Auto,809.04,812.38,801.74,803.81,210252,169002660.12,11680,59.76
2026-05-27,TATAMOTORS,Auto,795.86,797.07,792.09,795.63,447948,356400867.24,26349,66.3
2026-05-28,TATAMOTORS,Auto,771.05,778.97,765.24,774.74,104789,81184229.86,4191,67.83
2026-05-29,TATAMOTORS,Auto,755.1,756.73,749.1,752.45,187326,140953448.7,6459,60.81
2026-06-01,TATAMOTORS,Auto,731.03,738.15,726.05,735.99,150888,111052059.12,6858,54.12
2026-06-02,TATAMOTORS,Auto,759.58,761.15,753.06,757.37,83027,62882158.99,5535,45.15
2026-06-03,TATAMOTORS,Auto,768.74,771.71,762.01,764.48,258164,197361214.72,14342,69.9
2026-06-04,TATAMOTORS,Auto,757.53,765.1,751.25,755.63,123081,93003696.03,4244,40.88
2026-06-05,TATAMOTORS,Auto,771.28,779.55,763.94,773.5,119814,92676129.0,5209,40.68
2026-06-08,TATAMOTORS,Auto,758.71,763.14,754.4,757.03,40233,30457587.99,1676,35.32
2026-06-09,TATAMOTORS,Auto,772.23,774.21,760.11,762.44,103920,79232764.8,3711,67.84
2026-06-10,TATAMOTORS,Auto,727.31,732.91,724.86,729.51,306179,223360642.29,15308,41.27
2026-06-11,TATAMOTORS,Auto,744.03,751.08,741.95,742.21,95376,70789020.96,3974,67.74
2026-06-12,TATAMOTORS,Auto,743.17,743.18,739.33,739.43,308513,228123767.59,20567,57.2
2026-06-15,TATAMOTORS,Auto,746.43,750.43,738.77,747.18,297354,222176961.72,18584,55.52
2026-06-16,TATAMOTORS,Auto,778.83,784.2,771.62,777.1,261264,203028254.4,13063,69.48
2026-06-17,TATAMOTORS,Auto,784.58,788.94,780.4,784.8,268098,210403310.4,16756,53.82
2026-06-18,TATAMOTORS,Auto,759.22,762.26,751.12,762.26,91717,69912200.42,4168,41.87
2026-06-19,TATAMOTORS,Auto,779.64,784.78,776.85,782.03,114044,89185829.32,5702,36.68
2025-12-22,MARUTI,Auto,12146.89,12230.55,12105.39,12200.0,58142,709332400.0,3633,49.17
2025-12-23,MARUTI,Auto,12317.52,12372.78,12245.41,12310.19,161453,1987517106.07,7019,35.39
2025-12-24,MARUTI,Auto,12255.62,12403.55,12212.04,12268.28,103168,1265693911.04,6068,67.11
2025-12-25,MARUTI,Auto,12473.55,12517.57,12439.84,12454.8,391175,4872006390.0,17007,54.82
2025-12-26,MARUTI,Auto,12713.99,12740.19,12618.63,12685.66,117188,1486607124.08,4882,43.34
2025-12-29,MARUTI,Auto,12663.84,12736.92,12617.74,12630.74,130881,1653123881.94,4847,73.51
2025-12-30,MARUTI,Auto,12580.25,12655.08,12473.42,12542.95,154627,1939478729.65,8138,50.58
2025-12-31,MARUTI,Auto,12846.45,12911.47,12760.21,12806.44,95551,1223668148.44,4550,39.39
2026-01-01,MARUTI,Auto,12694.33,12779.49,12691.64,12713.69,107111,1361776049.59,5355,56.01
2026-01-02,MARUTI,Auto,12497.29,12505.11,12367.58,12491.12,195862,2446535745.44,10308,47.17
2026-01-05,MARUTI,Auto,12562.54,12642.59,12440.34,12518.93,179051,2241526935.43,6174,65.03
2026-01-06,MARUTI,Auto,12570.41,12572.4,12485.15,12545.58,264168,3314140777.44,11007,43.58
2026-01-07,MARUTI,Auto,12836.95,12908.15,12737.5,12814.23,190281,2438304498.63,9061,54.87
2026-01-08,MARUTI,Auto,12770.29,12911.16,12767.53,12832.4,190602,2445881104.8,7059,57.59
2026-01-09,MARUTI,Auto,12263.57,12354.37,12207.64,12294.41,269198,3309630583.18,9970,51.91
2026-01-12,MARUTI,Auto,11890.0,12039.16,11835.63,11950.76,114225,1365075561.0,5439,71.36
2026-01-13,MARUTI,Auto,11948.97,12017.34,11873.17,11979.61,191437,2293340599.57,10635,57.7
2026-01-14,MARUTI,Auto,11718.66,11796.78,11662.9,11713.01,106473,1247119313.73,4839,37.85
2026-01-15,MARUTI,Auto,11547.22,11660.33,11499.47,11576.71,175472,2031388457.12,10967,43.99
2026-01-16,MARUTI,Auto,11569.84,11633.97,11522.37,11559.67,198216,2291311548.72,11012,42.37
2026-01-19,MARUTI,Auto,11395.55,11501.91,11278.07,11451.84,303833,3479446902.72,18989,64.11
2026-01-20,MARUTI,Auto,11453.62,11487.26,11345.77,11441.27,108084,1236618226.68,6755,65.48
2026-01-21,MARUTI,Auto,11256.59,11331.92,11237.5,11296.61,234702,2651336960.22,8692,74.87
2026-01-22,MARUTI,Auto,11514.28,11556.06,11407.28,11482.51,111993,1285960742.43,7466,42.08
2026-01-23,MARUTI,Auto,11363.77,11532.05,11292.08,11427.65,219590,2509397663.5,8783,66.94
2026-01-26,MARUTI,Auto,11198.55,11296.12,11158.86,11201.16,197535,2212621140.6,13169,42.81
2026-01-27,MARUTI,Auto,10974.11,11009.98,10893.38,10953.16,74924,820654559.84,2774,61.26
2026-01-28,MARUTI,Auto,10859.35,10871.03,10773.32,10856.64,100952,1095999521.28,4206,57.31
2026-01-29,MARUTI,Auto,10827.93,10938.35,10809.08,10870.15,209152,2273513612.8,7469,54.95
2026-01-30,MARUTI,Auto,10791.14,10910.79,10711.58,10829.1,84993,920397696.3,4473,49.14
2026-02-02,MARUTI,Auto,10993.55,11033.62,10768.16,10884.47,142688,1553083255.36,7509,35.09
2026-02-03,MARUTI,Auto,10679.66,10764.62,10592.62,10693.55,217033,2320853237.15,12057,66.77
2026-02-04,MARUTI,Auto,10900.86,10955.52,10775.8,10863.83,263221,2859588196.43,10967,60.3
2026-02-05,MARUTI,Auto,10766.13,10812.53,10696.77,10751.44,286624,3081620738.56,12461,48.56
2026-02-06,MARUTI,Auto,10510.91,10579.72,10473.96,10520.74,97929,1030285547.46,3497,45.1
2026-02-09,MARUTI,Auto,10648.64,10805.46,10574.24,10695.24,165880,1774126411.2,5720,74.45
2026-02-10,MARUTI,Auto,10565.79,10613.48,10472.42,10576.65,121145,1281308264.25,7571,66.06
2026-02-11,MARUTI,Auto,10362.33,10417.44,10337.28,10408.38,106108,1104412385.04,5052,58.09
2026-02-12,MARUTI,Auto,10294.7,10366.13,10239.53,10281.04,82370,846849264.8,5148,40.39
2026-02-13,MARUTI,Auto,10057.12,10137.54,9991.14,10093.45,276699,2792847521.55,12030,36.03
2026-02-16,MARUTI,Auto,10152.73,10271.56,10111.61,10216.22,104965,1072345532.3,5524,56.96
2026-02-17,MARUTI,Auto,10100.31,10271.96,10010.65,10181.17,131610,1339943783.7,8774,46.66
2026-02-18,MARUTI,Auto,10130.84,10187.83,10072.54,10093.37,164246,1657795649.02,8644,39.18
2026-02-19,MARUTI,Auto,10046.34,10155.71,9988.56,10117.91,134864,1364541814.24,7492,67.56
2026-02-20,MARUTI,Auto,9978.76,10032.53,9929.68,9956.93,139455,1388543673.15,9297,52.3
2026-02-23,MARUTI,Auto,9748.22,9831.87,9682.71,9767.75,91125,890086218.75,4142,49.74
2026-02-24,MARUTI,Auto,9560.36,9590.43,9552.35,9553.71,222987,2130353131.77,9291,64.58
2026-02-25,MARUTI,Auto,9491.77,9524.71,9405.48,9466.26,155030,1467554287.8,5741,49.98
2026-02-26,MARUTI,Auto,9572.09,9606.6,9514.43,9579.57,569567,5456206946.19,21906,65.24
2026-02-27,MARUTI,Auto,9576.2,9691.84,9554.57,9624.12,251517,2420629790.04,9315,38.68
2026-03-02,MARUTI,Auto,9384.15,9477.11,9367.31,9400.55,193436,1818404789.8,12895,54.78
2026-03-03,MARUTI,Auto,9501.0,9578.91,9389.98,9478.38,178842,1695132435.96,9935,59.35
2026-03-04,MARUTI,Auto,9433.25,9484.77,9353.64,9461.28,141041,1334428392.48,5641,42.2
2026-03-05,MARUTI,Auto,9436.64,9475.66,9368.39,9386.58,106145,996338534.1,6243,38.07
2026-03-06,MARUTI,Auto,9384.89,9404.73,9380.12,9385.34,234041,2196554358.94,14627,58.8
2026-03-09,MARUTI,Auto,9589.34,9687.83,9549.55,9619.74,295149,2839256641.26,14757,44.2
2026-03-10,MARUTI,Auto,9797.31,9797.47,9708.41,9770.11,156845,1532392902.95,9802,71.18
2026-03-11,MARUTI,Auto,9565.54,9607.83,9552.28,9563.66,280216,2679890550.56,17513,71.47
2026-03-12,MARUTI,Auto,9639.93,9680.55,9554.89,9612.35,70882,681342592.7,3937,38.23
2026-03-13,MARUTI,Auto,9818.77,9845.17,9673.43,9755.67,178515,1741533430.05,11157,50.79
2026-03-16,MARUTI,Auto,9875.58,9933.18,9814.13,9857.79,227409,2241750166.11,9475,71.51
2026-03-17,MARUTI,Auto,9820.63,9855.55,9770.53,9810.35,97739,958853798.65,3909,44.86
2026-03-18,MARUTI,Auto,9598.39,9670.53,9484.68,9552.69,156080,1490983855.2,8671,47.68
2026-03-19,MARUTI,Auto,9306.45,9415.39,9249.72,9344.86,352708,3296006880.88,13565,49.28
2026-03-20,MARUTI,Auto,9286.18,9350.21,9229.02,9322.8,242627,2261962995.6,12769,37.81
2026-03-23,MARUTI,Auto,9290.17,9386.24,9211.63,9324.6,192011,1790425770.6,8727,72.07
2026-03-24,MARUTI,Auto,9412.67,9524.41,9329.6,9452.63,560721,5300288146.23,21566,56.86
2026-03-25,MARUTI,Auto,9295.97,9401.03,9280.92,9353.34,174593,1633027690.62,8313,70.08
2026-03-26,MARUTI,Auto,9446.89,9576.19,9341.92,9489.45,175174,1662304914.3,10948,50.81
2026-03-27,MARUTI,Auto,9622.2,9667.26,9570.98,9578.88,171022,1638199215.36,7125,36.24
2026-03-30,MARUTI,Auto,9544.84,9619.5,9500.58,9565.63,298994,2860065976.22,19932,68.25
2026-03-31,MARUTI,Auto,9510.7,9576.75,9427.17,9478.54,216855,2055468791.7,8340,71.97
2026-04-01,MARUTI,Auto,9673.37,9763.72,9596.27,9658.26,181495,1752925898.7,8249,72.7
2026-04-02,MARUTI,Auto,9769.58,9882.49,9675.15,9844.89,158341,1558849727.49,7197,65.7
2026-04-03,MARUTI,Auto,10121.23,10221.41,10095.44,10110.81,485663,4910446317.03,32377,72.49
2026-04-06,MARUTI,Auto,9856.73,9882.34,9796.09,9836.14,179154,1762183825.56,8957,63.83
2026-04-07,MARUTI,Auto,9708.02,9744.33,9683.35,9702.56,113113,1097485669.28,7540,45.71
2026-04-08,MARUTI,Auto,9680.12,9758.73,9633.7,9689.14,150604,1459223240.56,8366,35.53
2026-04-09,MARUTI,Auto,9921.15,9980.37,9812.98,9856.35,90100,888057135.0,4095,59.72
2026-04-10,MARUTI,Auto,9999.85,10125.88,9945.92,10029.99,253323,2540827156.77,9743,65.76
2026-04-13,MARUTI,Auto,9915.77,9990.95,9829.25,9872.23,384229,3793197060.67,13249,53.82
2026-04-14,MARUTI,Auto,9813.64,9831.57,9704.17,9769.03,239286,2337592112.58,8251,74.71
2026-04-15,MARUTI,Auto,9829.94,9876.82,9796.13,9820.3,69465,682167139.5,2778,56.29
2026-04-16,MARUTI,Auto,10118.26,10129.53,10064.61,10079.1,217391,2191105628.1,12077,73.12
2026-04-17,MARUTI,Auto,10092.9,10184.63,10053.86,10142.64,301303,3056007859.92,11159,52.57
2026-04-20,MARUTI,Auto,10065.24,10167.45,9971.62,10097.07,81744,825374890.08,4302,70.56
2026-04-21,MARUTI,Auto,10207.23,10299.25,10100.78,10152.13,259437,2633838150.81,17295,66.03
2026-04-22,MARUTI,Auto,10213.98,10269.19,10142.81,10254.46,411760,4222376449.6,22875,52.88
2026-04-23,MARUTI,Auto,10319.0,10332.69,10196.69,10285.83,121865,1253482672.95,6093,72.68
2026-04-24,MARUTI,Auto,10203.06,10232.34,10161.73,10175.41,131669,1339786059.29,6583,66.28
2026-04-27,MARUTI,Auto,10274.73,10355.69,10237.13,10292.15,364236,3748771547.4,21425,68.28
2026-04-28,MARUTI,Auto,10449.12,10496.65,10366.02,10434.49,97491,1017268864.59,6499,37.88
2026-04-29,MARUTI,Auto,10679.75,10738.68,10589.35,10642.53,139355,1483089768.15,6967,56.36
2026-04-30,MARUTI,Auto,10374.29,10461.51,10307.25,10410.39,238864,2486667396.96,11374,48.55
2026-05-01,MARUTI,Auto,10316.7,10410.14,10225.63,10233.14,107711,1102221742.54,3989,41.99
2026-05-04,MARUTI,Auto,10288.99,10364.97,10206.53,10332.09,430824,4451312342.16,17951,61.85
2026-05-05,MARUTI,Auto,10143.76,10273.86,10055.22,10193.87,365440,3725247852.8,14055,49.07
2026-05-06,MARUTI,Auto,10267.5,10300.41,10200.37,10260.61,84564,867678224.04,4450,48.08
2026-05-07,MARUTI,Auto,10350.2,10401.36,10286.33,10321.03,82882,855427608.46,2960,65.46
2026-05-08,MARUTI,Auto,10479.28,10586.7,10443.04,10546.97,247071,2605850424.87,16471,52.29
2026-05-11,MARUTI,Auto,10437.17,10580.32,10407.5,10469.78,155033,1623161402.74,9689,39.08
2026-05-12,MARUTI,Auto,10534.98,10585.66,10431.14,10454.23,96403,1007819134.69,4381,72.71
2026-05-13,MARUTI,Auto,10424.32,10442.41,10357.46,10442.11,307413,3210040361.43,14638,68.39
2026-05-14,MARUTI,Auto,10188.3,10260.4,10175.82,10207.56,55533,566856429.48,2776,53.5
2026-05-15,MARUTI,Auto,9984.75,10049.24,9937.14,10022.09,170057,1704326559.13,10003,61.73
2026-05-18,MARUTI,Auto,9908.56,9954.89,9862.02,9937.4,189825,1886366955.0,6779,69.09
2026-05-19,MARUTI,Auto,10190.04,10254.1,10058.81,10119.69,152634,1544608763.46,10175,49.64
2026-05-20,MARUTI,Auto,10472.63,10576.8,10461.9,10487.56,216319,2268658491.64,7725,64.07
2026-05-21,MARUTI,Auto,10572.73,10647.85,10528.52,10559.66,129320,1365575231.2,5388,65.52
2026-05-22,MARUTI,Auto,10479.95,10607.03,10433.4,10530.07,277917,2926485464.19,16348,59.17
2026-05-25,MARUTI,Auto,10436.03,10509.64,10387.93,10412.51,107994,1124488604.94,5999,70.7
2026-05-26,MARUTI,Auto,10289.88,10412.16,10234.05,10341.73,123591,1278144752.43,7724,52.61
2026-05-27,MARUTI,Auto,10213.46,10314.97,10117.09,10185.07,63343,645152889.01,2533,69.13
2026-05-28,MARUTI,Auto,10151.39,10203.91,10116.09,10185.87,253608,2583218118.96,12680,43.56
2026-05-29,MARUTI,Auto,10702.93,10805.22,10681.66,10761.1,173409,1866071589.9,6193,37.05
2026-06-01,MARUTI,Auto,10662.16,10736.86,10608.13,10677.81,99376,1061118046.56,4517,73.06
2026-06-02,MARUTI,Auto,10514.71,10680.2,10447.11,10556.45,150748,1591363724.6,9421,69.42
2026-06-03,MARUTI,Auto,10293.22,10397.76,10258.56,10334.23,236344,2442433255.12,8753,71.95
2026-06-04,MARUTI,Auto,10509.45,10524.16,10493.57,10507.83,152451,1601929191.33,9528,69.37
2026-06-05,MARUTI,Auto,10621.95,10695.46,10581.54,10691.88,92737,991532875.56,3566,67.03
2026-06-08,MARUTI,Auto,10631.88,10728.44,10540.94,10675.62,146190,1560668887.8,5414,69.51
2026-06-09,MARUTI,Auto,10780.4,10784.33,10709.67,10751.71,188770,2029600296.7,6509,66.28
2026-06-10,MARUTI,Auto,10560.17,10606.29,10503.61,10564.66,106612,1126319531.92,7107,48.98
2026-06-11,MARUTI,Auto,10528.57,10561.08,10419.7,10497.65,152544,1601353521.6,10169,42.63
2026-06-12,MARUTI,Auto,10456.72,10529.44,10399.32,10441.94,264055,2757246466.7,10562,65.22
2026-06-15,MARUTI,Auto,10588.31,10669.58,10473.21,10520.93,65732,691561770.76,3651,58.93
2026-06-16,MARUTI,Auto,10887.39,10940.33,10777.44,10872.37,74239,807153876.43,3093,61.1
2026-06-17,MARUTI,Auto,10817.1,10887.53,10680.65,10761.43,110190,1185801971.7,6481,45.77
2026-06-18,MARUTI,Auto,10761.42,10810.87,10666.95,10718.31,202068,2165827465.08,8785,51.85
2026-06-19,MARUTI,Auto,10460.57,10548.9,10384.87,10447.82,85036,888440821.52,4049,68.81
2025-12-22,RELIANCE,Energy,2962.2,2962.69,2934.33,2950.0,156120,460554000.0,5575,46.04
2025-12-23,RELIANCE,Energy,2986.93,3011.02,2963.57,2997.07,113993,341645000.51,6705,40.11
2025-12-24,RELIANCE,Energy,2975.38,2995.75,2959.73,2974.2,61607,183231539.4,2566,45.03
2025-12-25,RELIANCE,Energy,2983.26,3003.31,2952.14,2979.53,295252,879712191.56,16402,48.4
2025-12-26,RELIANCE,Energy,3041.35,3066.82,3020.09,3040.39,165571,503400412.69,8278,48.45
2025-12-29,RELIANCE,Energy,3066.71,3078.48,3042.16,3058.12,334352,1022488538.24,22290,63.03
2025-12-30,RELIANCE,Energy,3109.77,3123.83,3094.36,3106.3,109872,341295393.6,4394,67.23
2025-12-31,RELIANCE,Energy,3128.73,3139.37,3107.09,3113.07,129434,402937102.38,7613,38.51
2026-01-01,RELIANCE,Energy,3167.42,3185.04,3144.8,3164.92,209138,661905038.96,12302,43.7
2026-01-02,RELIANCE,Energy,3176.15,3198.94,3145.05,3178.74,108378,344505483.72,5160,57.07
2026-01-05,RELIANCE,Energy,3171.72,3189.55,3167.23,3174.92,147523,468373723.16,9220,46.26
2026-01-06,RELIANCE,Energy,3154.46,3177.81,3127.47,3148.96,207426,653176176.96,13828,74.45
2026-01-07,RELIANCE,Energy,3079.54,3109.92,3072.82,3082.72,258612,797228384.64,8917,50.31
2026-01-08,RELIANCE,Energy,3102.18,3120.44,3071.29,3077.58,106389,327420658.62,6258,58.22
2026-01-09,RELIANCE,Energy,3023.66,3046.82,3018.72,3020.67,102525,309694191.75,3943,56.54
2026-01-12,RELIANCE,Energy,3025.97,3031.24,3010.85,3012.79,66660,200832581.4,3333,47.38
2026-01-13,RELIANCE,Energy,3055.23,3091.42,3036.97,3047.12,128891,392746343.92,5370,42.93
2026-01-14,RELIANCE,Energy,2972.66,3006.36,2959.38,2982.78,175010,522016327.8,6731,64.17
2026-01-15,RELIANCE,Energy,3053.6,3056.84,3019.2,3039.29,70574,214494852.46,2714,69.59
2026-01-16,RELIANCE,Energy,2932.43,2987.06,2917.45,2950.43,190245,561304555.35,9059,40.94
2026-01-19,RELIANCE,Energy,2893.67,2909.4,2864.52,2888.13,188543,544536694.59,12569,56.48
2026-01-20,RELIANCE,Energy,2904.88,2952.98,2882.99,2928.87,85599,250708343.13,5349,62.82
2026-01-21,RELIANCE,Energy,2921.07,2935.89,2882.2,2930.87,143519,420635531.53,8969,73.96
2026-01-22,RELIANCE,Energy,2944.06,2954.61,2938.0,2938.23,201881,593172810.63,8075,63.41
2026-01-23,RELIANCE,Energy,2896.32,2909.84,2887.74,2904.01,85043,246965722.43,4724,45.98
2026-01-26,RELIANCE,Energy,2881.97,2903.86,2863.36,2882.82,331788,956485082.16,16589,74.4
2026-01-27,RELIANCE,Energy,2911.37,2934.38,2900.85,2916.32,139591,407092025.12,7755,36.47
2026-01-28,RELIANCE,Energy,2918.8,2929.65,2880.53,2900.94,173635,503704716.9,10852,48.31
2026-01-29,RELIANCE,Energy,2897.37,2921.49,2880.65,2906.67,181778,528368659.26,8262,52.27
2026-01-30,RELIANCE,Energy,2898.09,2934.8,2886.06,2913.75,131751,383889476.25,7750,74.47
2026-02-02,RELIANCE,Energy,2958.28,2978.47,2933.43,2967.07,174924,519011752.68,6727,43.77
2026-02-03,RELIANCE,Energy,2941.08,2964.69,2911.89,2928.81,129764,380054100.84,7209,58.16
2026-02-04,RELIANCE,Energy,3064.78,3071.34,3016.34,3041.38,155887,474111604.06,5375,37.72
2026-02-05,RELIANCE,Energy,3016.38,3048.85,2992.96,3025.04,88255,266974905.2,3268,74.79
2026-02-06,RELIANCE,Energy,3038.35,3048.26,3023.47,3034.22,118572,359773533.84,7410,43.88
2026-02-09,RELIANCE,Energy,3061.95,3071.04,3040.21,3047.6,175287,534204661.2,9738,61.27
2026-02-10,RELIANCE,Energy,3048.51,3060.92,3021.47,3031.4,251664,762894249.6,10486,44.69
2026-02-11,RELIANCE,Energy,3052.16,3064.31,3025.44,3046.08,119290,363366883.2,4260,65.87
2026-02-12,RELIANCE,Energy,2926.83,2948.73,2909.73,2926.06,105256,307985371.36,7017,68.75
2026-02-13,RELIANCE,Energy,2935.77,2953.36,2931.04,2940.98,443493,1304304043.14,15292,61.83
2026-02-16,RELIANCE,Energy,2929.98,2941.71,2905.4,2922.86,206895,604725119.7,7134,66.61
2026-02-17,RELIANCE,Energy,2927.82,2930.79,2902.91,2911.61,250855,730391926.55,10906,71.42
2026-02-18,RELIANCE,Energy,2900.9,2913.93,2900.24,2900.37,98611,286008386.07,4482,36.33
2026-02-19,RELIANCE,Energy,2965.46,2983.51,2953.62,2972.75,217231,645773455.25,13576,69.25
2026-02-20,RELIANCE,Energy,2909.4,2941.23,2900.0,2927.03,192051,562139038.53,12803,73.35
2026-02-23,RELIANCE,Energy,2908.76,2916.28,2885.48,2885.62,284787,821787062.94,16752,39.96
2026-02-24,RELIANCE,Energy,2807.48,2845.53,2796.62,2831.46,148897,421595899.62,8272,57.43
2026-02-25,RELIANCE,Energy,2797.78,2819.61,2774.67,2791.48,459714,1283282436.72,17026,51.7
2026-02-26,RELIANCE,Energy,2792.85,2813.59,2768.51,2781.42,347020,965208368.4,18264,39.08
2026-02-27,RELIANCE,Energy,2815.06,2826.95,2783.85,2802.91,193580,542587317.8,6913,71.6
2026-03-02,RELIANCE,Energy,2748.38,2765.07,2733.46,2744.67,146916,403235937.72,8162,39.1
2026-03-03,RELIANCE,Energy,2721.36,2752.39,2700.76,2725.15,131673,358828675.95,6270,44.55
2026-03-04,RELIANCE,Energy,2746.07,2774.67,2735.39,2739.24,131493,360190885.32,7305,55.72
2026-03-05,RELIANCE,Energy,2754.25,2770.75,2735.47,2747.33,201470,553504575.1,8058,44.58
2026-03-06,RELIANCE,Energy,2773.76,2801.59,2756.82,2779.39,69244,192456081.16,3644,41.25
2026-03-09,RELIANCE,Energy,2841.21,2868.44,2824.82,2846.38,125766,357977827.08,4336,71.55
2026-03-10,RELIANCE,Energy,2856.85,2877.14,2854.17,2868.07,448385,1285999566.95,15461,51.89
2026-03-11,RELIANCE,Energy,2841.0,2884.44,2820.02,2852.29,92650,264264668.5,3194,50.49
2026-03-12,RELIANCE,Energy,2822.28,2851.77,2809.54,2834.35,283962,804847694.7,14945,62.81
2026-03-13,RELIANCE,Energy,2809.97,2832.97,2801.62,2803.64,329499,923796576.36,12203,58.57
2026-03-16,RELIANCE,Energy,2833.41,2852.01,2822.49,2842.51,235640,669809056.4,8415,37.83
2026-03-17,RELIANCE,Energy,2844.65,2859.74,2809.61,2833.67,261945,742265688.15,10914,56.15
2026-03-18,RELIANCE,Energy,2827.41,2849.26,2814.53,2828.81,278022,786471413.82,16354,39.61
2026-03-19,RELIANCE,Energy,2811.13,2822.47,2799.14,2806.22,116855,327920838.1,5564,68.47
2026-03-20,RELIANCE,Energy,2826.53,2828.17,2802.13,2810.41,155261,436347067.01,5971,36.05
2026-03-23,RELIANCE,Energy,2849.01,2855.26,2809.92,2832.18,115212,326301122.16,4114,57.29
2026-03-24,RELIANCE,Energy,2855.84,2859.5,2827.07,2849.89,132318,377091745.02,5292,35.97
2026-03-25,RELIANCE,Energy,2859.16,2879.52,2831.36,2842.37,143133,406836945.21,6506,48.19
2026-03-26,RELIANCE,Energy,2886.72,2907.45,2857.51,2872.44,374209,1074892899.96,14968,51.17
2026-03-27,RELIANCE,Energy,2898.33,2932.36,2886.96,2914.61,141524,412487265.64,8324,72.22
2026-03-30,RELIANCE,Energy,2877.2,2906.26,2866.31,2898.58,60563,175546700.54,2088,51.72
2026-03-31,RELIANCE,Energy,2876.97,2878.98,2860.8,2878.69,197605,568843537.45,7057,56.91
2026-04-01,RELIANCE,Energy,2975.68,3001.19,2940.86,2953.85,132939,392681865.15,7819,37.79
2026-04-02,RELIANCE,Energy,2954.9,2985.35,2933.64,2973.91,317637,944623850.67,18684,40.48
2026-04-03,RELIANCE,Energy,3035.72,3060.46,3020.55,3031.47,129803,393493900.41,5408,71.0
2026-04-06,RELIANCE,Energy,2971.55,2984.26,2958.22,2973.27,100441,298638212.07,3463,68.9
2026-04-07,RELIANCE,Energy,3026.59,3060.74,3023.17,3036.28,139973,424997220.44,7776,65.93
2026-04-08,RELIANCE,Energy,3031.87,3050.39,3016.84,3029.72,196267,594634055.24,8177,53.92
2026-04-09,RELIANCE,Energy,3001.03,3021.54,2985.48,2994.02,301551,902849725.02,15077,67.94
2026-04-10,RELIANCE,Energy,2993.43,3005.41,2992.36,2998.77,171236,513497379.72,6849,74.56
2026-04-13,RELIANCE,Energy,2944.96,2982.57,2943.24,2950.04,234914,693005696.56,9788,44.29
2026-04-14,RELIANCE,Energy,2947.07,2972.63,2925.21,2941.61,104924,308645487.64,4035,61.81
2026-04-15,RELIANCE,Energy,2924.8,2929.21,2911.93,2926.03,167949,491423812.47,11196,66.15
2026-04-16,RELIANCE,Energy,2991.99,3016.83,2959.71,2981.44,151884,452833032.96,5237,61.94
2026-04-17,RELIANCE,Energy,2886.1,2925.9,2881.04,2904.81,137401,399123798.81,6870,51.12
2026-04-20,RELIANCE,Energy,2876.1,2901.17,2870.41,2870.84,132559,380555679.56,8284,49.6
2026-04-21,RELIANCE,Energy,2879.42,2896.23,2868.09,2881.28,557031,1604962279.68,25319,57.15
2026-04-22,RELIANCE,Energy,2940.01,2965.35,2935.39,2939.25,451021,1325663474.25,26530,63.56
2026-04-23,RELIANCE,Energy,2850.16,2877.45,2830.75,2840.42,202224,574401094.08,9629,42.56
2026-04-24,RELIANCE,Energy,2829.0,2842.81,2805.77,2819.89,209181,589867410.09,7747,40.22
2026-04-27,RELIANCE,Energy,2834.3,2878.01,2815.13,2855.15,83087,237225848.05,2967,59.85
2026-04-28,RELIANCE,Energy,2839.05,2853.82,2821.33,2826.26,160799,454459781.74,6699,62.3
2026-04-29,RELIANCE,Energy,2844.93,2856.66,2831.29,2848.33,80550,229432981.5,4738,50.17
2026-04-30,RELIANCE,Energy,2838.11,2867.1,2818.33,2862.54,129609,371010946.86,5635,59.6
2026-05-01,RELIANCE,Energy,2838.36,2841.56,2826.69,2839.92,231900,658577448.0,10540,36.57
2026-05-04,RELIANCE,Energy,2865.71,2892.96,2851.13,2875.2,274722,789880694.4,18314,39.18
2026-05-05,RELIANCE,Energy,2820.91,2840.74,2792.62,2808.29,347740,976554764.6,23182,58.83
2026-05-06,RELIANCE,Energy,2866.49,2868.0,2834.06,2859.55,174135,497947739.25,6697,60.31
2026-05-07,RELIANCE,Energy,2866.5,2871.9,2855.31,2870.85,370004,1062225983.4,24666,36.58
2026-05-08,RELIANCE,Energy,2862.11,2862.78,2841.8,2847.47,299463,852711908.61,13611,70.39
2026-05-11,RELIANCE,Energy,2887.62,2912.26,2866.76,2882.55,207429,597924463.95,12964,74.59
2026-05-12,RELIANCE,Energy,2799.02,2805.85,2776.73,2803.48,110436,309605117.28,4601,66.21
2026-05-13,RELIANCE,Energy,2756.9,2770.7,2744.99,2769.56,257747,713845781.32,9546,74.54
2026-05-14,RELIANCE,Energy,2755.9,2786.62,2742.31,2774.48,266972,740708474.56,16685,52.24
2026-05-15,RELIANCE,Energy,2741.2,2758.26,2729.73,2753.59,65327,179883773.93,2512,45.96
2026-05-18,RELIANCE,Energy,2764.56,2778.44,2739.8,2758.08,108609,299552310.72,4936,67.81
2026-05-19,RELIANCE,Energy,2754.76,2766.77,2741.2,2762.21,152693,421770131.53,6362,35.33
2026-05-20,RELIANCE,Energy,2788.45,2806.88,2785.55,2789.18,197383,550536715.94,10965,45.9
2026-05-21,RELIANCE,Energy,2797.15,2816.74,2767.7,2778.15,174701,485345583.15,11646,74.43
2026-05-22,RELIANCE,Energy,2816.67,2836.74,2802.57,2825.15,81834,231193325.1,3896,43.0
2026-05-25,RELIANCE,Energy,2785.95,2801.79,2779.01,2786.52,192015,535053637.8,10106,37.57
2026-05-26,RELIANCE,Energy,2780.77,2785.57,2764.34,2774.59,222394,617052168.46,9266,73.2
2026-05-27,RELIANCE,Energy,2756.81,2797.78,2730.87,2784.5,155992,434359724.0,7090,66.33
2026-05-28,RELIANCE,Energy,2754.04,2781.73,2744.88,2771.47,145107,402159697.29,5581,41.11
2026-05-29,RELIANCE,Energy,2788.92,2816.78,2768.5,2794.04,127025,354912931.0,6685,68.98
2026-06-01,RELIANCE,Energy,2738.04,2756.63,2715.52,2737.06,341062,933507157.72,11760,47.52
2026-06-02,RELIANCE,Energy,2738.65,2775.04,2727.24,2738.34,113682,311299967.88,7578,35.63
2026-06-03,RELIANCE,Energy,2726.85,2741.08,2708.72,2725.93,428824,1168944206.32,25224,72.63
2026-06-04,RELIANCE,Energy,2704.21,2720.72,2685.41,2695.19,278100,749532339.0,9589,64.48
2026-06-05,RELIANCE,Energy,2800.43,2833.72,2776.28,2778.47,266362,740078826.14,16647,74.95
2026-06-08,RELIANCE,Energy,2815.91,2836.05,2789.78,2818.94,195966,552416396.04,7258,56.86
2026-06-09,RELIANCE,Energy,2846.44,2862.12,2838.41,2842.25,249897,710269748.25,12494,68.29
2026-06-10,RELIANCE,Energy,2876.34,2881.96,2828.78,2850.06,84476,240761668.56,3839,42.55
2026-06-11,RELIANCE,Energy,2899.91,2909.85,2897.43,2901.28,78217,226929417.76,3555,42.26
2026-06-12,RELIANCE,Energy,2912.13,2922.24,2883.31,2904.42,180698,524822885.16,12046,59.65
2026-06-15,RELIANCE,Energy,2908.79,2913.29,2901.29,2905.82,49955,145160238.1,2775,66.27
2026-06-16,RELIANCE,Energy,2936.15,2956.32,2923.02,2945.65,75579,222629281.35,4723,69.85
2026-06-17,RELIANCE,Energy,2861.67,2885.94,2843.97,2855.28,333871,953295188.88,13911,43.71
2026-06-18,RELIANCE,Energy,2837.76,2842.57,2808.5,2835.99,243063,689324237.37,9722,43.08
2026-06-19,RELIANCE,Energy,2810.38,2831.54,2800.9,2805.7,273719,767973398.3,10948,49.97
2025-12-22,NTPC,Energy,362.18,363.4,356.39,360.0,103729,37342440.0,4714,41.33
2025-12-23,NTPC,Energy,358.96,361.85,356.53,359.78,131505,47312868.9,5479,50.78
2025-12-24,NTPC,Energy,357.62,359.31,357.48,358.43,134145,48081592.35,7890,68.8
2025-12-25,NTPC,Energy,361.96,364.65,360.76,361.95,78550,28431172.5,4620,59.13
2025-12-26,NTPC,Energy,369.99,373.28,367.86,368.23,114386,42120356.78,4236,69.49
2025-12-29,NTPC,Energy,363.62,364.18,361.27,363.71,83142,30239576.82,2866,58.31
2025-12-30,NTPC,Energy,366.19,367.79,365.26,366.41,270301,99040989.41,9653,70.33
2025-12-31,NTPC,Energy,368.0,369.91,366.35,368.71,96237,35483544.27,3318,43.42
2026-01-01,NTPC,Energy,371.91,373.82,370.03,370.69,204670,75869122.3,7309,43.56
2026-01-02,NTPC,Energy,371.26,375.37,369.37,372.67,186077,69345315.59,8090,63.89
2026-01-05,NTPC,Energy,370.0,373.81,368.19,371.57,92501,34370596.57,3700,65.08
2026-01-06,NTPC,Energy,368.49,371.22,366.37,367.5,160021,58807717.5,6154,48.13
2026-01-07,NTPC,Energy,368.57,370.52,366.04,369.02,439256,162094249.12,18302,71.64
2026-01-08,NTPC,Energy,364.67,367.8,362.44,365.91,283017,103558750.47,14895,71.15
2026-01-09,NTPC,Energy,358.46,360.86,356.0,358.07,301668,108018260.76,18854,43.72
2026-01-12,NTPC,Energy,357.0,357.43,353.53,355.38,165045,58653692.1,10315,53.72
2026-01-13,NTPC,Energy,363.99,364.24,361.33,363.3,183367,66617231.1,8334,36.19
2026-01-14,NTPC,Energy,365.31,367.54,360.49,363.1,56001,20333963.1,2000,38.65
2026-01-15,NTPC,Energy,365.52,368.99,364.01,366.56,156459,57351611.04,5395,68.18
2026-01-16,NTPC,Energy,367.27,370.04,363.82,366.34,278595,102060492.3,9949,69.98
2026-01-19,NTPC,Energy,355.91,357.48,353.75,356.85,96771,34532731.35,3584,56.72
2026-01-20,NTPC,Energy,359.8,363.5,358.95,362.23,127176,46066962.48,5087,63.71
2026-01-21,NTPC,Energy,359.88,363.83,358.71,361.58,52577,19010791.66,3286,42.94
2026-01-22,NTPC,Energy,364.55,367.96,362.17,363.51,135609,49295227.59,6780,70.89
2026-01-23,NTPC,Energy,359.09,360.84,355.78,359.67,179938,64718300.46,10584,62.8
2026-01-26,NTPC,Energy,362.48,363.58,357.66,359.92,164309,59138095.28,8215,66.66
2026-01-27,NTPC,Energy,358.87,361.4,354.88,359.02,145671,52298802.42,8568,44.77
2026-01-28,NTPC,Energy,354.42,356.8,351.75,355.83,239825,85336929.75,11991,68.0
2026-01-29,NTPC,Energy,350.48,352.11,346.1,351.54,127772,44916968.88,5807,59.46
2026-01-30,NTPC,Energy,348.1,349.26,346.17,348.41,162970,56780377.7,7760,66.69
2026-02-02,NTPC,Energy,353.89,356.33,353.37,354.01,166232,58847790.32,7915,43.54
2026-02-03,NTPC,Energy,354.87,356.17,351.62,353.79,129448,45797407.92,7191,39.43
2026-02-04,NTPC,Energy,358.2,361.0,357.69,359.71,65082,23410646.22,2503,57.26
2026-02-05,NTPC,Energy,369.74,370.45,366.96,368.75,215679,79531631.25,7702,69.16
2026-02-06,NTPC,Energy,356.93,363.2,355.32,358.97,90963,32652988.11,6064,73.27
2026-02-09,NTPC,Energy,356.51,357.11,355.45,356.62,778991,277803770.42,31159,51.43
2026-02-10,NTPC,Energy,361.01,363.96,360.28,360.9,119212,43023610.8,4110,46.66
2026-02-11,NTPC,Energy,362.47,363.4,358.54,362.0,116835,42294270.0,6149,58.4
2026-02-12,NTPC,Energy,356.52,359.33,353.3,354.76,252643,89627630.68,10526,73.62
2026-02-13,NTPC,Energy,348.84,351.95,343.28,345.25,238708,82413937.0,14919,43.21
2026-02-16,NTPC,Energy,349.09,351.48,346.98,348.06,698754,243208317.24,43672,37.88
2026-02-17,NTPC,Energy,352.5,354.57,351.37,353.01,200398,70742497.98,13359,61.4
2026-02-18,NTPC,Energy,346.94,350.53,345.26,348.72,180179,62832020.88,11261,52.02
2026-02-19,NTPC,Energy,347.55,350.69,347.08,347.93,86747,30181883.71,2991,45.86
2026-02-20,NTPC,Energy,346.06,348.86,342.61,345.68,189757,65595199.76,8625,70.6
2026-02-23,NTPC,Energy,343.16,344.93,340.78,342.49,296058,101396904.42,11386,50.04
2026-02-24,NTPC,Energy,336.44,338.17,332.73,335.51,321968,108023483.68,16945,52.06
2026-02-25,NTPC,Energy,339.65,342.18,338.81,339.8,59774,20311205.2,3320,40.01
2026-02-26,NTPC,Energy,348.19,348.39,345.24,347.23,191218,66396626.14,7354,48.54
2026-02-27,NTPC,Energy,348.62,351.33,345.81,346.85,169970,58954094.5,7082,56.21
2026-03-02,NTPC,Energy,341.04,343.33,338.3,340.64,271880,92613203.2,10456,45.61
2026-03-03,NTPC,Energy,341.61,341.89,339.16,341.22,143493,48962681.46,5739,59.13
2026-03-04,NTPC,Energy,336.04,336.98,333.85,336.79,372124,125327641.96,18606,74.93
2026-03-05,NTPC,Energy,332.38,335.2,329.1,333.02,125502,41794676.04,4648,70.34
2026-03-06,NTPC,Energy,335.71,338.24,331.77,333.85,96342,32163776.7,5352,41.74
2026-03-09,NTPC,Energy,342.99,346.42,342.21,344.1,164853,56725917.3,7493,69.02
2026-03-10,NTPC,Energy,351.08,352.47,348.23,351.38,114278,40155003.64,4081,55.74
2026-03-11,NTPC,Energy,354.08,355.68,350.66,353.24,198862,70246012.88,7365,54.29
2026-03-12,NTPC,Energy,356.91,359.98,351.77,354.17,213811,75725441.87,9718,35.4
2026-03-13,NTPC,Energy,350.64,351.04,347.11,350.27,238826,83653583.02,8845,36.45
2026-03-16,NTPC,Energy,354.89,355.86,351.14,353.32,74515,26327639.8,2569,69.67
2026-03-17,NTPC,Energy,356.64,358.76,354.79,356.47,163507,58285340.29,6288,45.21
2026-03-18,NTPC,Energy,348.66,352.91,348.43,350.26,145067,50811167.42,6307,36.69
2026-03-19,NTPC,Energy,350.52,354.36,346.02,349.92,106278,37188797.76,7085,56.89
2026-03-20,NTPC,Energy,357.58,359.41,356.48,356.97,123566,44109355.02,4752,60.79
2026-03-23,NTPC,Energy,365.03,365.46,362.84,364.68,197418,71994396.24,8225,71.92
2026-03-24,NTPC,Energy,373.17,378.68,371.7,375.99,99872,37550873.28,3841,45.98
2026-03-25,NTPC,Energy,378.35,379.5,376.17,377.04,119386,45013297.44,5190,49.47
2026-03-26,NTPC,Energy,387.85,391.52,382.47,385.36,172927,66639148.72,6404,45.75
2026-03-27,NTPC,Energy,384.79,386.81,380.25,383.22,94099,36060618.78,4277,72.78
2026-03-30,NTPC,Energy,384.02,386.52,379.92,385.21,150969,58154768.49,5591,35.16
2026-03-31,NTPC,Energy,390.26,392.13,388.96,389.95,366503,142917844.85,14096,45.12
2026-04-01,NTPC,Energy,396.53,399.23,395.46,396.97,229643,91161381.71,10438,37.08
2026-04-02,NTPC,Energy,402.39,404.15,399.74,403.87,224986,90865095.82,14999,63.5
2026-04-03,NTPC,Energy,404.75,410.83,403.35,406.88,120510,49033108.8,4463,48.78
2026-04-06,NTPC,Energy,396.59,397.6,394.03,396.66,371852,147498814.32,13280,56.7
2026-04-07,NTPC,Energy,399.7,402.43,397.6,400.28,112937,45206422.36,7529,49.47
2026-04-08,NTPC,Energy,395.74,397.53,392.64,395.46,149044,58940940.24,7844,61.73
2026-04-09,NTPC,Energy,396.47,397.05,391.72,395.8,98128,38839062.4,4906,62.12
2026-04-10,NTPC,Energy,389.23,390.56,385.83,387.5,74331,28803262.5,2753,46.27
2026-04-13,NTPC,Energy,384.96,387.83,382.65,386.16,122678,47373336.48,5111,59.43
2026-04-14,NTPC,Energy,387.35,390.21,384.14,385.87,151249,58362451.63,8402,60.71
2026-04-15,NTPC,Energy,383.08,387.85,382.02,384.7,225459,86734077.3,15030,47.75
2026-04-16,NTPC,Energy,385.6,387.08,383.37,385.8,84018,32414144.4,3111,57.47
2026-04-17,NTPC,Energy,384.58,387.05,380.14,383.06,228727,87616164.62,8471,64.37
2026-04-20,NTPC,Energy,383.24,387.61,381.64,383.96,63903,24536195.88,3195,49.05
2026-04-21,NTPC,Energy,386.83,389.01,383.52,385.21,213457,82225770.97,10672,44.43
2026-04-22,NTPC,Energy,384.06,386.72,380.18,385.03,440213,169495211.39,19139,47.66
2026-04-23,NTPC,Energy,380.96,385.54,380.06,382.14,178053,68041173.42,6139,68.0
2026-04-24,NTPC,Energy,385.13,387.07,380.68,383.82,198543,76204774.26,9454,71.17
2026-04-27,NTPC,Energy,382.79,385.89,380.31,382.19,107687,41156894.53,4307,47.54
2026-04-28,NTPC,Energy,384.5,386.96,382.27,383.04,62822,24063338.88,2855,39.74
2026-04-29,NTPC,Energy,384.86,388.23,384.74,387.17,202812,78522722.04,12675,45.82
2026-04-30,NTPC,Energy,386.42,387.81,383.92,386.55,179630,69435976.5,11975,45.88
2026-05-01,NTPC,Energy,392.21,393.33,387.95,389.96,233342,90994046.32,8333,40.93
2026-05-04,NTPC,Energy,384.03,387.04,381.86,382.42,304173,116321838.66,20278,45.91
2026-05-05,NTPC,Energy,365.23,370.1,363.43,368.17,178157,65592062.69,11134,43.46
2026-05-06,NTPC,Energy,365.98,368.18,364.47,366.63,155011,56831682.93,8611,36.38
2026-05-07,NTPC,Energy,374.32,377.75,373.1,376.28,105464,39683993.92,5273,73.35
2026-05-08,NTPC,Energy,385.64,387.24,383.29,386.41,90507,34972809.87,3771,69.01
2026-05-11,NTPC,Energy,395.28,398.05,393.62,395.03,95956,37905498.68,4172,59.85
2026-05-12,NTPC,Energy,389.82,389.98,389.23,389.3,112686,43868659.8,5634,52.79
2026-05-13,NTPC,Energy,378.2,381.15,375.54,379.05,184490,69930934.5,8785,64.09
2026-05-14,NTPC,Energy,365.53,368.11,365.33,366.56,170008,62318132.48,8500,70.3
2026-05-15,NTPC,Energy,360.11,362.1,359.26,361.23,214779,77584618.17,7954,72.28
2026-05-18,NTPC,Energy,357.2,361.93,356.85,359.99,149251,53728867.49,8291,44.11
2026-05-19,NTPC,Energy,367.36,368.43,365.72,367.58,96870,35607474.6,6054,57.66
2026-05-20,NTPC,Energy,376.39,381.43,376.27,378.1,469142,177382590.2,26063,48.16
2026-05-21,NTPC,Energy,377.68,382.41,374.64,380.02,205383,78049647.66,9335,42.31
2026-05-22,NTPC,Energy,376.87,377.21,375.1,376.71,276201,104047678.71,11508,72.56
2026-05-25,NTPC,Energy,370.38,372.92,369.15,371.97,151263,56265298.11,6576,62.18
2026-05-26,NTPC,Energy,364.41,370.97,364.11,367.08,178449,65505058.92,9913,55.07
2026-05-27,NTPC,Energy,370.13,372.88,367.89,370.53,255700,94744521.0,8817,40.26
2026-05-28,NTPC,Energy,371.17,375.51,368.85,372.83,318289,118667687.87,19893,45.3
2026-05-29,NTPC,Energy,373.88,376.64,373.66,376.19,96969,36478768.11,3591,61.08
2026-06-01,NTPC,Energy,380.8,384.73,375.37,378.94,179113,67873080.22,7787,59.77
2026-06-02,NTPC,Energy,385.8,386.06,378.89,382.28,225980,86387634.4,14123,41.43
2026-06-03,NTPC,Energy,376.34,380.79,376.14,377.06,125381,47276159.86,6965,70.07
2026-06-04,NTPC,Energy,371.0,374.3,368.53,369.51,321966,118969656.66,15331,44.25
2026-06-05,NTPC,Energy,377.08,377.51,375.6,376.79,160675,60540733.25,6694,51.43
2026-06-08,NTPC,Energy,379.51,379.69,376.95,378.37,424146,160484122.02,16313,48.79
2026-06-09,NTPC,Energy,390.36,392.69,386.66,389.07,135264,52627164.48,7119,60.49
2026-06-10,NTPC,Energy,389.74,392.83,386.64,388.68,395801,153839932.68,20831,70.16
2026-06-11,NTPC,Energy,392.17,393.58,388.44,391.29,198067,77501636.43,10424,65.84
2026-06-12,NTPC,Energy,386.05,388.03,383.43,386.59,409241,158208478.19,18601,72.4
2026-06-15,NTPC,Energy,389.43,389.65,386.66,389.15,154107,59970739.05,6164,54.67
2026-06-16,NTPC,Energy,394.83,395.91,389.53,393.26,115103,45265405.78,6058,71.52
2026-06-17,NTPC,Energy,384.14,388.14,382.51,385.36,253435,97663711.6,9051,53.22
2026-06-18,NTPC,Energy,388.02,391.29,382.43,387.15,153029,59245177.35,9564,68.31
2026-06-19,NTPC,Energy,394.02,395.15,388.93,391.98,402423,157741767.54,25151,52.82
2025-12-22,LT,Infrastructure,3644.13,3673.8,3624.88,3650.0,77923,284418950.0,2997,52.75
2025-12-23,LT,Infrastructure,3680.15,3695.15,3655.18,3671.83,176916,649605476.28,8424,71.0
2025-12-24,LT,Infrastructure,3644.59,3680.15,3632.41,3658.59,175623,642532551.57,10330,47.61
2025-12-25,LT,Infrastructure,3601.37,3632.59,3588.87,3600.74,210296,757221219.04,9558,35.03
2025-12-26,LT,Infrastructure,3726.43,3759.69,3709.54,3744.6,282426,1057572399.6,18828,65.52
2025-12-29,LT,Infrastructure,3745.46,3752.04,3731.28,3739.05,112336,420029920.8,3873,65.23
2025-12-30,LT,Infrastructure,3665.45,3666.0,3628.69,3638.04,254167,924669712.68,8764,44.88
2025-12-31,LT,Infrastructure,3707.1,3739.22,3692.7,3723.71,187296,697435988.16,12486,44.12
2026-01-01,LT,Infrastructure,3739.78,3766.75,3724.3,3755.51,272268,1022505196.68,15126,72.89
2026-01-02,LT,Infrastructure,3677.77,3709.48,3666.3,3685.4,92504,340914241.6,3426,57.34
2026-01-05,LT,Infrastructure,3713.84,3736.65,3697.73,3725.41,95505,355795282.05,3820,68.11
2026-01-06,LT,Infrastructure,3664.75,3686.42,3632.46,3670.35,310986,1141427465.1,14808,47.75
2026-01-07,LT,Infrastructure,3645.66,3684.2,3629.67,3658.31,134155,490780578.05,7891,65.54
2026-01-08,LT,Infrastructure,3633.96,3659.81,3615.92,3646.35,102632,374232193.2,3539,35.55
2026-01-09,LT,Infrastructure,3516.22,3543.21,3507.83,3525.88,161067,567902913.96,7321,36.07
2026-01-12,LT,Infrastructure,3438.5,3482.86,3411.32,3449.79,169105,583376737.95,9947,67.12
2026-01-13,LT,Infrastructure,3389.74,3392.62,3347.01,3370.61,266164,897135040.04,15656,43.63
2026-01-14,LT,Infrastructure,3314.97,3332.71,3302.36,3326.42,340938,1134102981.96,22729,63.36
2026-01-15,LT,Infrastructure,3367.24,3380.59,3358.53,3364.53,246750,830197777.5,9490,72.52
2026-01-16,LT,Infrastructure,3354.39,3392.78,3328.69,3371.18,105977,357267542.86,6623,67.34
2026-01-19,LT,Infrastructure,3349.37,3371.79,3336.0,3349.77,186167,623616631.59,6648,47.08
2026-01-20,LT,Infrastructure,3475.95,3485.29,3439.35,3461.38,143445,496517654.1,8965,47.5
2026-01-21,LT,Infrastructure,3442.48,3447.2,3429.57,3437.93,105211,361708053.23,4383,42.31
2026-01-22,LT,Infrastructure,3429.23,3433.22,3390.07,3407.71,114918,391607217.78,4596,37.96
2026-01-23,LT,Infrastructure,3375.58,3387.6,3369.07,3376.06,141090,476328305.4,5426,57.37
2026-01-26,LT,Infrastructure,3327.37,3372.47,3318.55,3337.24,232617,776298757.08,13683,40.13
2026-01-27,LT,Infrastructure,3320.57,3362.4,3306.53,3344.69,90118,301416773.42,4743,62.96
2026-01-28,LT,Infrastructure,3346.09,3353.79,3303.98,3323.07,166266,552513556.62,8750,59.03
2026-01-29,LT,Infrastructure,3403.83,3421.59,3385.99,3409.79,65385,222949119.15,3632,51.33
2026-01-30,LT,Infrastructure,3389.1,3410.63,3365.16,3404.31,136819,465774289.89,6515,48.25
2026-02-02,LT,Infrastructure,3396.55,3418.19,3372.3,3401.18,65175,221671906.5,2413,60.73
2026-02-03,LT,Infrastructure,3335.47,3364.83,3318.51,3338.69,111637,372721335.53,4651,45.56
2026-02-04,LT,Infrastructure,3451.42,3460.86,3433.92,3460.29,91904,318014492.16,3169,39.14
2026-02-05,LT,Infrastructure,3480.64,3496.27,3452.61,3476.62,97428,338720133.36,4059,45.12
2026-02-06,LT,Infrastructure,3435.34,3462.16,3399.96,3419.69,197686,676024837.34,11628,58.87
2026-02-09,LT,Infrastructure,3437.87,3454.33,3416.07,3442.75,293977,1012089316.75,10888,63.08
2026-02-10,LT,Infrastructure,3393.74,3404.44,3340.45,3377.07,176844,597214567.08,11052,44.23
2026-02-11,LT,Infrastructure,3402.96,3421.97,3356.27,3390.16,148842,504598194.72,8269,48.39
2026-02-12,LT,Infrastructure,3265.17,3279.8,3243.13,3257.08,149278,486210388.24,9329,44.86
2026-02-13,LT,Infrastructure,3246.56,3251.84,3243.36,3244.19,286191,928457980.29,12443,37.81
2026-02-16,LT,Infrastructure,3289.57,3308.09,3266.97,3288.9,99599,327571151.1,4330,46.44
2026-02-17,LT,Infrastructure,3335.04,3338.89,3301.5,3316.96,192421,638252760.16,10690,70.95
2026-02-18,LT,Infrastructure,3310.8,3322.25,3307.48,3313.11,313007,1037026621.77,14905,49.44
2026-02-19,LT,Infrastructure,3291.81,3347.64,3268.89,3309.87,90135,298335132.45,4506,65.49
2026-02-20,LT,Infrastructure,3285.38,3321.96,3253.66,3304.45,185765,613851154.25,10320,65.39
2026-02-23,LT,Infrastructure,3219.22,3266.14,3207.6,3234.05,171900,555933195.0,6139,43.01
2026-02-24,LT,Infrastructure,3227.97,3245.97,3212.93,3239.35,202093,654649959.55,11887,68.66
2026-02-25,LT,Infrastructure,3180.51,3188.18,3164.12,3175.74,168679,535680647.46,8433,42.57
2026-02-26,LT,Infrastructure,3210.34,3222.91,3174.55,3198.29,151224,483658206.96,6301,43.46
2026-02-27,LT,Infrastructure,3246.4,3260.13,3239.09,3239.97,164508,533000984.76,10281,54.48
2026-03-02,LT,Infrastructure,3198.01,3198.07,3160.05,3179.64,162800,517645392.0,8568,72.27
2026-03-03,LT,Infrastructure,3184.57,3210.85,3164.37,3173.31,140098,444574384.38,6671,72.77
2026-03-04,LT,Infrastructure,3176.79,3189.44,3165.31,3172.87,84566,268316924.42,4974,56.6
2026-03-05,LT,Infrastructure,3164.77,3165.86,3107.74,3122.08,87368,272769885.44,3360,38.99
2026-03-06,LT,Infrastructure,3155.07,3167.75,3126.22,3139.11,204150,640849306.5,13610,65.73
2026-03-09,LT,Infrastructure,3207.34,3216.77,3202.03,3216.31,168823,542987103.13,7340,52.28
2026-03-10,LT,Infrastructure,3303.98,3322.41,3257.09,3287.67,284789,936292251.63,9820,61.14
2026-03-11,LT,Infrastructure,3284.62,3290.77,3261.71,3264.28,203854,665436535.12,10729,57.49
2026-03-12,LT,Infrastructure,3245.7,3257.44,3200.99,3218.9,147686,475386465.4,6153,73.64
2026-03-13,LT,Infrastructure,3184.66,3254.28,3164.05,3222.65,191934,618536105.1,8724,42.27
2026-03-16,LT,Infrastructure,3248.0,3281.66,3247.03,3268.6,181574,593492776.4,6261,48.9
2026-03-17,LT,Infrastructure,3315.33,3349.2,3286.23,3299.22,110578,364821149.16,6143,52.68
2026-03-18,LT,Infrastructure,3221.11,3253.81,3196.85,3234.09,101734,329016912.06,3767,46.26
2026-03-19,LT,Infrastructure,3162.29,3174.47,3147.17,3161.87,207857,657216812.59,12991,47.67
2026-03-20,LT,Infrastructure,3151.28,3157.44,3117.74,3151.86,183079,577039376.94,8321,62.55
2026-03-23,LT,Infrastructure,3234.71,3256.94,3223.26,3230.64,270343,873380909.52,11264,66.32
2026-03-24,LT,Infrastructure,3294.24,3295.23,3263.5,3287.07,122246,401831159.22,4365,47.11
2026-03-25,LT,Infrastructure,3302.14,3349.72,3286.22,3337.82,110441,368632178.62,5522,36.26
2026-03-26,LT,Infrastructure,3342.83,3390.1,3339.41,3358.49,319033,1071469140.17,15192,74.18
2026-03-27,LT,Infrastructure,3321.37,3325.18,3305.08,3325.13,76696,255024170.48,3834,36.15
2026-03-30,LT,Infrastructure,3306.45,3329.57,3271.54,3326.72,140304,466752122.88,5010,49.8
2026-03-31,LT,Infrastructure,3382.12,3398.56,3360.79,3388.38,372924,1263608223.12,19627,53.77
2026-04-01,LT,Infrastructure,3533.62,3553.29,3497.68,3501.84,263448,922552744.32,10977,53.62
2026-04-02,LT,Infrastructure,3466.27,3486.69,3456.54,3472.13,281452,977237932.76,12237,70.22
2026-04-03,LT,Infrastructure,3566.09,3587.16,3530.94,3551.56,125810,446821763.6,8387,70.9
2026-04-06,LT,Infrastructure,3470.75,3486.45,3452.45,3464.92,135367,469035825.64,5885,58.45
2026-04-07,LT,Infrastructure,3512.43,3529.31,3497.82,3514.69,119609,420388556.21,5980,49.6
2026-04-08,LT,Infrastructure,3595.93,3611.01,3561.96,3572.85,232459,830541138.15,12914,46.85
2026-04-09,LT,Infrastructure,3530.55,3584.58,3513.08,3547.09,113476,402509584.84,4539,63.34
2026-04-10,LT,Infrastructure,3554.9,3565.18,3547.99,3551.37,218560,776187427.2,8094,57.6
2026-04-13,LT,Infrastructure,3485.65,3502.23,3447.43,3471.82,217240,754218176.8,9051,49.21
2026-04-14,LT,Infrastructure,3481.81,3501.93,3447.46,3493.95,110765,387007371.75,3955,37.06
2026-04-15,LT,Infrastructure,3501.68,3533.28,3489.16,3505.68,117461,411780678.48,4350,57.04
2026-04-16,LT,Infrastructure,3624.57,3639.38,3587.06,3607.89,265388,957490711.32,16586,35.35
2026-04-17,LT,Infrastructure,3649.75,3661.55,3625.0,3645.33,151448,552077937.84,5222,65.49
2026-04-20,LT,Infrastructure,3574.99,3611.77,3572.69,3590.99,149574,537118738.26,5752,69.05
2026-04-21,LT,Infrastructure,3586.36,3600.04,3551.51,3564.5,350296,1248630092.0,15230,52.02
2026-04-22,LT,Infrastructure,3641.63,3672.68,3616.85,3644.12,166426,606476315.12,5738,71.64
2026-04-23,LT,Infrastructure,3736.75,3754.35,3701.02,3733.55,143076,534181399.8,5723,56.63
2026-04-24,LT,Infrastructure,3721.13,3761.99,3698.79,3735.02,137745,514480329.9,5101,70.93
2026-04-27,LT,Infrastructure,3732.63,3735.67,3727.62,3732.61,140856,525760514.16,6707,62.95
2026-04-28,LT,Infrastructure,3748.51,3789.23,3710.1,3747.56,185637,695685795.72,7734,57.76
2026-04-29,LT,Infrastructure,3837.85,3866.35,3801.78,3833.54,302018,1157798083.72,18876,64.51
2026-04-30,LT,Infrastructure,3738.13,3795.3,3726.5,3770.17,84039,316841316.63,5602,66.21
2026-05-01,LT,Infrastructure,3726.41,3751.54,3697.24,3715.82,148023,550026823.86,6167,36.72
2026-05-04,LT,Infrastructure,3672.0,3703.15,3670.72,3686.84,64295,237045377.8,2381,61.14
2026-05-05,LT,Infrastructure,3640.45,3659.37,3629.29,3644.94,113015,411932894.1,4346,67.75
2026-05-06,LT,Infrastructure,3625.81,3672.45,3588.24,3610.84,178440,644318289.6,9913,70.12
2026-05-07,LT,Infrastructure,3600.99,3616.86,3579.85,3600.23,165810,596954136.3,5921,39.93
2026-05-08,LT,Infrastructure,3606.55,3640.95,3577.97,3613.15,522685,1888539307.75,32667,40.29
2026-05-11,LT,Infrastructure,3640.58,3658.3,3619.98,3644.96,165652,603794913.92,8282,54.69
2026-05-12,LT,Infrastructure,3606.46,3637.29,3556.84,3592.11,223417,802538439.87,12412,42.45
2026-05-13,LT,Infrastructure,3575.96,3603.38,3575.39,3589.04,138167,495886889.68,5526,37.23
2026-05-14,LT,Infrastructure,3603.31,3639.22,3600.85,3612.52,463996,1676194829.92,18559,68.73
2026-05-15,LT,Infrastructure,3649.75,3672.44,3619.14,3636.56,109235,397239631.6,3766,65.78
2026-05-18,LT,Infrastructure,3692.19,3718.3,3666.57,3686.58,362888,1337815643.04,12960,48.41
2026-05-19,LT,Infrastructure,3633.75,3650.1,3619.44,3632.05,35482,128872398.1,1774,72.43
2026-05-20,LT,Infrastructure,3701.52,3752.99,3680.05,3726.4,141189,526126689.6,6138,71.99
2026-05-21,LT,Infrastructure,3768.74,3795.88,3740.15,3772.07,235277,887481313.39,13070,68.34
2026-05-22,LT,Infrastructure,3856.0,3866.9,3794.16,3852.46,210630,811443649.8,9574,59.22
2026-05-25,LT,Infrastructure,3855.66,3907.83,3834.02,3876.72,251429,974719832.88,9670,56.18
2026-05-26,LT,Infrastructure,3768.59,3792.54,3711.53,3750.19,59391,222727534.29,2284,39.4
2026-05-27,LT,Infrastructure,3707.87,3766.11,3688.56,3724.02,115609,430530228.18,4281,59.83
2026-05-28,LT,Infrastructure,3704.03,3729.53,3692.29,3703.24,188364,697557099.36,9913,42.33
2026-05-29,LT,Infrastructure,3814.03,3853.11,3808.81,3834.78,154588,592810970.64,7361,35.84
2026-06-01,LT,Infrastructure,3829.74,3838.69,3767.92,3809.47,112727,429430124.69,4901,67.15
2026-06-02,LT,Infrastructure,3704.67,3733.16,3687.83,3709.29,302240,1121095809.6,15112,51.01
2026-06-03,LT,Infrastructure,3665.89,3695.07,3641.13,3666.01,167435,613818384.35,11162,41.78
2026-06-04,LT,Infrastructure,3604.04,3621.77,3594.59,3597.15,79981,287703654.15,4998,59.08
2026-06-05,LT,Infrastructure,3596.84,3622.23,3574.93,3602.88,270476,974492570.88,14235,58.4
2026-06-08,LT,Infrastructure,3600.37,3615.95,3581.29,3595.98,269741,969983241.18,16858,38.1
2026-06-09,LT,Infrastructure,3704.71,3732.07,3675.34,3710.1,146669,544156656.9,9777,57.47
2026-06-10,LT,Infrastructure,3668.62,3685.21,3652.03,3669.18,113755,417387570.9,5987,63.69
2026-06-11,LT,Infrastructure,3719.8,3737.89,3706.9,3723.67,93592,348505722.64,4679,43.76
2026-06-12,LT,Infrastructure,3687.31,3701.69,3650.96,3684.59,122698,452091823.82,4382,60.54
2026-06-15,LT,Infrastructure,3770.4,3798.58,3740.16,3758.0,149376,561355008.0,7861,53.74
2026-06-16,LT,Infrastructure,3947.3,3981.82,3925.38,3952.08,220791,872583695.28,9599,68.72
2026-06-17,LT,Infrastructure,3989.0,4004.9,3959.64,3973.15,131250,521475937.5,5965,73.25
2026-06-18,LT,Infrastructure,3987.31,4003.3,3945.15,3964.74,78056,309471745.44,3902,55.6
2026-06-19,LT,Infrastructure,3895.22,3959.03,3863.36,3911.05,265318,1037671963.9,13964,74.3
2025-12-22,ITC,FMCG,431.71,433.54,428.39,430.0,164531,70748330.0,10968,47.3
2025-12-23,ITC,FMCG,433.76,436.06,430.65,432.5,154479,66812167.5,8582,73.17
2025-12-24,ITC,FMCG,430.93,432.53,426.23,429.05,125132,53687884.6,7360,67.27
2025-12-25,ITC,FMCG,427.56,433.13,426.26,429.99,134861,57988881.39,4816,60.76
2025-12-26,ITC,FMCG,443.27,447.21,436.96,439.17,251122,110285248.74,8968,45.2
2025-12-29,ITC,FMCG,434.43,436.07,429.98,432.26,191465,82762660.9,7091,57.02
2025-12-30,ITC,FMCG,434.6,434.92,430.36,434.02,73928,32086230.56,3080,49.88
2025-12-31,ITC,FMCG,437.37,443.16,436.26,440.0,205795,90549800.0,9799,72.23
2026-01-01,ITC,FMCG,448.38,453.26,444.24,447.56,140537,62898739.72,5205,61.24
2026-01-02,ITC,FMCG,449.7,452.38,447.03,449.89,286454,128872790.06,12454,42.94
2026-01-05,ITC,FMCG,449.76,454.45,441.07,445.29,137953,61429091.37,4926,68.08
2026-01-06,ITC,FMCG,440.74,445.1,437.31,440.77,90636,39949629.72,3237,35.7
2026-01-07,ITC,FMCG,436.33,438.3,433.67,435.08,57013,24805216.04,1965,42.97
2026-01-08,ITC,FMCG,428.47,432.16,424.71,428.61,167148,71641304.28,5969,68.2
2026-01-09,ITC,FMCG,417.7,420.84,413.44,415.63,192079,79833794.77,8351,58.2
2026-01-12,ITC,FMCG,420.83,422.55,415.9,418.33,376731,157597879.23,13454,56.48
2026-01-13,ITC,FMCG,417.87,418.89,416.68,418.62,358458,150057687.96,12802,43.43
2026-01-14,ITC,FMCG,421.49,425.49,419.85,422.35,87169,36815827.15,4150,44.02
2026-01-15,ITC,FMCG,428.33,428.93,424.98,427.56,335743,143550277.08,15261,57.31
2026-01-16,ITC,FMCG,421.91,423.34,418.51,420.49,70144,29494850.56,4126,37.47
2026-01-19,ITC,FMCG,412.3,415.5,411.21,412.76,231827,95688912.52,12879,48.41
2026-01-20,ITC,FMCG,420.75,422.17,418.62,421.98,93623,39507033.54,3900,70.62
2026-01-21,ITC,FMCG,423.74,425.62,418.47,423.07,122537,51841728.59,5835,52.11
2026-01-22,ITC,FMCG,420.26,425.55,416.29,421.22,128725,54221544.5,5149,57.58
2026-01-23,ITC,FMCG,409.21,412.19,408.18,408.67,234877,95987183.59,12361,66.93
2026-01-26,ITC,FMCG,419.0,423.61,416.87,419.97,174002,73075619.94,6000,37.69
2026-01-27,ITC,FMCG,421.84,425.28,417.06,420.16,140639,59090882.24,8272,69.47
2026-01-28,ITC,FMCG,417.17,419.31,410.37,413.86,188434,77985295.24,11084,50.62
2026-01-29,ITC,FMCG,414.82,417.79,413.96,416.27,110860,46147692.2,6928,64.64
2026-01-30,ITC,FMCG,414.64,415.77,410.75,412.84,132078,54527081.52,5503,50.37
2026-02-02,ITC,FMCG,413.73,416.72,410.62,412.32,168111,69315527.52,5796,35.57
2026-02-03,ITC,FMCG,416.28,420.27,414.75,415.23,102936,42742115.28,5718,53.67
2026-02-04,ITC,FMCG,424.86,426.74,422.14,423.27,153737,65072259.99,9043,43.14
2026-02-05,ITC,FMCG,419.4,419.44,416.51,418.56,109221,45715541.76,6424,42.53
2026-02-06,ITC,FMCG,411.72,413.42,408.71,413.39,176206,72841798.34,6777,40.49
2026-02-09,ITC,FMCG,416.5,417.45,413.58,415.4,320454,133116591.6,17803,46.09
2026-02-10,ITC,FMCG,414.47,418.38,412.55,416.13,185446,77169643.98,11590,59.2
2026-02-11,ITC,FMCG,420.65,423.99,419.3,422.21,301859,127447888.39,11179,55.37
2026-02-12,ITC,FMCG,415.49,419.72,412.83,414.03,173046,71646235.38,8240,55.46
2026-02-13,ITC,FMCG,403.37,405.27,402.35,403.08,153232,61764754.56,6129,40.08
2026-02-16,ITC,FMCG,403.88,406.04,397.93,399.26,146552,58512351.52,5234,71.51
2026-02-17,ITC,FMCG,403.58,406.69,402.27,402.76,114515,46122061.4,5453,43.04
2026-02-18,ITC,FMCG,404.56,406.12,402.63,405.12,119874,48563354.88,4994,51.75
2026-02-19,ITC,FMCG,402.56,405.28,398.3,403.37,114151,46045088.87,6007,69.9
2026-02-20,ITC,FMCG,399.03,401.92,396.36,400.38,270258,108205898.04,16891,55.13
2026-02-23,ITC,FMCG,392.6,394.94,390.23,391.9,106842,41871379.8,5623,55.09
2026-02-24,ITC,FMCG,389.64,392.58,387.63,389.02,226091,87953920.82,10766,54.72
2026-02-25,ITC,FMCG,377.3,379.47,375.33,378.08,122874,46456201.92,4550,69.07
2026-02-26,ITC,FMCG,377.0,379.93,375.71,378.47,60237,22797897.39,3011,74.62
2026-02-27,ITC,FMCG,379.75,380.92,374.24,377.74,145106,54812340.44,7637,70.54
2026-03-02,ITC,FMCG,378.44,382.01,370.43,375.38,88369,33171955.22,5891,50.95
2026-03-03,ITC,FMCG,374.96,378.23,373.26,373.88,245477,91778940.76,9441,69.5
2026-03-04,ITC,FMCG,375.67,377.11,373.23,373.25,190769,71204529.25,9538,55.16
2026-03-05,ITC,FMCG,373.25,375.01,369.72,371.62,296387,110143336.94,11855,60.4
2026-03-06,ITC,FMCG,379.57,382.13,378.53,379.14,129365,49047446.1,8085,65.93
2026-03-09,ITC,FMCG,389.98,390.4,387.66,388.38,146280,56812226.4,6360,51.24
2026-03-10,ITC,FMCG,394.15,397.2,389.6,392.31,187918,73722110.58,9395,50.35
2026-03-11,ITC,FMCG,388.85,390.7,384.07,387.15,48760,18877434.0,1950,62.74
2026-03-12,ITC,FMCG,382.89,385.68,378.6,383.55,133267,51114557.85,5330,54.83
2026-03-13,ITC,FMCG,384.76,387.21,380.39,384.24,147709,56755706.16,5908,53.05
2026-03-16,ITC,FMCG,388.55,388.76,384.31,386.87,123554,47799335.98,4576,62.83
2026-03-17,ITC,FMCG,383.74,388.96,381.75,387.27,50065,19388672.55,2635,59.58
2026-03-18,ITC,FMCG,387.44,390.35,386.2,388.37,145595,56544730.15,7662,70.32
2026-03-19,ITC,FMCG,387.93,390.11,383.46,386.3,158927,61393500.1,5675,39.01
2026-03-20,ITC,FMCG,385.93,388.7,385.88,386.44,273371,105641489.24,12425,49.62
2026-03-23,ITC,FMCG,397.62,398.89,396.63,397.27,159852,63504404.04,6394,47.14
2026-03-24,ITC,FMCG,406.92,409.77,401.85,403.83,129568,52323445.44,6169,51.02
2026-03-25,ITC,FMCG,408.87,410.39,406.0,408.22,75471,30808771.62,2902,53.99
2026-03-26,ITC,FMCG,408.43,415.98,406.42,411.47,110658,45532447.26,4256,35.34
2026-03-27,ITC,FMCG,419.18,420.65,415.23,418.22,189952,79441725.44,9997,47.76
2026-03-30,ITC,FMCG,419.45,420.6,417.54,420.03,100144,42063484.32,3576,42.65
2026-03-31,ITC,FMCG,427.59,428.0,422.58,426.17,154712,65933613.04,7032,64.7
2026-04-01,ITC,FMCG,435.57,437.74,431.86,433.91,190957,82858151.87,9093,39.41
2026-04-02,ITC,FMCG,432.5,433.92,429.8,431.13,373037,160827441.81,14921,62.54
2026-04-03,ITC,FMCG,432.39,434.1,430.01,432.67,112557,48700037.19,4689,73.18
2026-04-06,ITC,FMCG,420.6,420.84,419.88,420.57,243173,102271268.61,16211,52.24
2026-04-07,ITC,FMCG,432.96,433.97,429.9,431.01,135553,58424698.53,7973,41.36
2026-04-08,ITC,FMCG,432.75,435.43,429.29,430.37,277335,119356663.95,13206,72.05
2026-04-09,ITC,FMCG,432.25,434.28,429.63,432.64,345575,149509568.0,15707,41.65
2026-04-10,ITC,FMCG,437.31,437.49,435.98,437.0,115696,50559152.0,5509,41.23
2026-04-13,ITC,FMCG,427.99,431.34,426.42,426.69,224044,95597334.36,7725,44.94
2026-04-14,ITC,FMCG,433.58,435.17,426.66,431.58,227400,98141292.0,12633,35.68
2026-04-15,ITC,FMCG,418.6,422.47,416.05,420.97,94878,39940791.66,4518,65.54
2026-04-16,ITC,FMCG,422.93,426.17,417.46,422.8,383138,161990746.4,17415,46.71
2026-04-17,ITC,FMCG,415.83,417.93,413.21,416.85,274732,114522034.2,11944,74.71
2026-04-20,ITC,FMCG,411.76,413.24,407.13,410.07,180511,74022145.77,10618,74.93
2026-04-21,ITC,FMCG,411.77,413.32,407.14,409.5,207739,85069120.5,9892,42.57
2026-04-22,ITC,FMCG,413.98,418.06,412.71,415.0,248546,103146590.0,14620,55.68
2026-04-23,ITC,FMCG,419.41,420.59,415.49,418.38,181020,75735147.6,7240,49.51
2026-04-24,ITC,FMCG,418.94,421.92,416.67,418.76,94399,39530525.24,5244,57.95
2026-04-27,ITC,FMCG,421.02,422.44,416.41,417.37,122229,51014717.73,6111,64.53
2026-04-28,ITC,FMCG,412.32,416.7,409.62,412.99,153390,63348536.1,6135,65.09
2026-04-29,ITC,FMCG,418.77,420.05,414.5,419.21,95298,39949874.58,4538,42.1
2026-04-30,ITC,FMCG,415.08,415.27,413.3,413.67,72729,30085805.43,4848,56.46
2026-05-01,ITC,FMCG,407.4,410.74,403.56,405.99,218399,88667810.01,9495,48.77
2026-05-04,ITC,FMCG,406.56,412.51,403.56,408.48,95495,39007797.6,5305,43.74
2026-05-05,ITC,FMCG,405.77,412.0,403.76,408.01,187580,76534515.8,8155,74.34
2026-05-06,ITC,FMCG,412.53,418.81,412.25,415.93,111666,46445239.38,4135,56.7
2026-05-07,ITC,FMCG,418.43,418.8,417.27,418.15,97974,40967828.1,5443,35.87
2026-05-08,ITC,FMCG,422.35,423.46,417.21,421.07,201038,84651070.66,11168,49.79
2026-05-11,ITC,FMCG,426.6,428.42,425.6,426.05,218946,93281943.3,13684,54.53
2026-05-12,ITC,FMCG,419.9,422.91,413.44,417.1,170645,71176029.5,10037,35.65
2026-05-13,ITC,FMCG,416.87,421.07,416.35,420.12,87413,36723949.56,5141,45.91
2026-05-14,ITC,FMCG,419.4,423.54,419.17,420.0,193860,81421200.0,12116,53.03
2026-05-15,ITC,FMCG,420.87,422.25,417.87,420.48,106339,44713422.72,3797,65.61
2026-05-18,ITC,FMCG,422.0,424.32,420.77,420.81,102815,43265580.15,3954,54.12
2026-05-19,ITC,FMCG,429.67,434.17,425.06,428.37,101542,43497546.54,5344,35.16
2026-05-20,ITC,FMCG,436.14,439.99,432.0,438.31,273445,119853677.95,9429,68.48
2026-05-21,ITC,FMCG,430.87,437.24,427.75,432.92,152175,65879601.0,8454,43.02
2026-05-22,ITC,FMCG,440.11,443.84,437.69,440.69,207105,91269102.45,8284,63.67
2026-05-25,ITC,FMCG,436.29,438.18,433.61,436.45,504996,220405504.2,18703,46.65
2026-05-26,ITC,FMCG,429.87,434.02,427.54,433.19,328686,142383488.34,16434,43.66
2026-05-27,ITC,FMCG,432.96,433.78,430.03,432.96,287396,124430972.16,11053,45.02
2026-05-28,ITC,FMCG,437.01,442.11,436.34,438.61,93490,41005648.9,4451,39.97
2026-05-29,ITC,FMCG,455.65,457.08,453.74,455.51,152984,69685741.84,7649,54.31
2026-06-01,ITC,FMCG,454.32,457.59,453.46,456.83,228865,104552397.95,8476,38.67
2026-06-02,ITC,FMCG,458.92,463.78,456.32,460.94,121846,56163695.24,7615,46.42
2026-06-03,ITC,FMCG,463.45,465.85,458.53,463.01,226647,104939827.47,9854,50.67
2026-06-04,ITC,FMCG,449.38,450.02,443.36,448.16,140905,63147984.8,5032,55.57
2026-06-05,ITC,FMCG,452.7,459.89,451.01,454.51,57568,26165231.68,2132,72.97
2026-06-08,ITC,FMCG,453.4,455.98,452.77,453.41,185683,84190529.03,8842,54.08
2026-06-09,ITC,FMCG,459.29,464.24,455.5,458.35,131536,60289525.6,6263,71.37
2026-06-10,ITC,FMCG,450.13,453.44,446.78,448.92,187137,84009542.04,12475,64.63
2026-06-11,ITC,FMCG,451.67,455.73,448.41,450.68,110575,49833941.0,6910,70.29
2026-06-12,ITC,FMCG,449.35,451.51,447.28,451.4,455291,205518357.4,20695,43.46
2026-06-15,ITC,FMCG,462.1,465.46,455.94,459.38,218348,100304704.24,9493,48.22
2026-06-16,ITC,FMCG,472.05,474.52,465.56,470.5,194756,91632698.0,6715,57.11
2026-06-17,ITC,FMCG,463.47,466.98,461.68,466.66,306477,143020556.82,10568,59.84
2026-06-18,ITC,FMCG,464.71,466.78,459.34,462.96,181449,84003629.04,12096,68.77
2026-06-19,ITC,FMCG,465.27,470.6,464.84,466.4,155424,72489753.6,7064,39.2
2025-12-22,HINDUNILVR,FMCG,2466.68,2470.9,2445.49,2450.0,207940,509453000.0,9901,47.2
2025-12-23,HINDUNILVR,FMCG,2507.22,2521.01,2479.48,2499.26,123991,309885746.66,7293,58.62
2025-12-24,HINDUNILVR,FMCG,2485.75,2491.72,2453.93,2462.56,108850,268049656.0,4947,71.15
2025-12-25,HINDUNILVR,FMCG,2443.95,2449.18,2432.69,2438.7,167856,409350427.2,6714,58.47
2025-12-26,HINDUNILVR,FMCG,2482.18,2506.06,2471.82,2491.63,165007,411136391.41,8684,46.95
2025-12-29,HINDUNILVR,FMCG,2469.43,2476.92,2467.56,2471.7,73441,181524119.7,4320,39.37
2025-12-30,HINDUNILVR,FMCG,2495.24,2507.25,2472.46,2488.13,315114,784044596.82,14323,70.29
2025-12-31,HINDUNILVR,FMCG,2543.61,2550.41,2522.72,2530.09,150292,380252286.28,6534,70.23
2026-01-01,HINDUNILVR,FMCG,2571.01,2584.8,2539.48,2559.29,108050,276531284.5,6355,50.73
2026-01-02,HINDUNILVR,FMCG,2555.64,2562.6,2534.9,2548.55,50044,127539636.2,1725,57.84
2026-01-05,HINDUNILVR,FMCG,2568.59,2586.34,2554.48,2570.11,84412,216948125.32,2910,61.67
2026-01-06,HINDUNILVR,FMCG,2558.86,2570.47,2534.88,2543.48,177465,451378678.2,7394,43.86
2026-01-07,HINDUNILVR,FMCG,2494.53,2502.59,2470.49,2496.15,282419,704960186.85,16612,71.38
2026-01-08,HINDUNILVR,FMCG,2504.55,2524.31,2491.56,2499.83,137077,342669196.91,6527,39.28
2026-01-09,HINDUNILVR,FMCG,2484.0,2484.91,2463.71,2479.57,92732,229935485.24,3311,64.79
2026-01-12,HINDUNILVR,FMCG,2406.04,2425.51,2390.58,2414.11,184620,445692988.2,8791,60.91
2026-01-13,HINDUNILVR,FMCG,2386.67,2403.42,2370.44,2384.47,117780,280842876.6,4907,64.31
2026-01-14,HINDUNILVR,FMCG,2374.82,2381.48,2341.11,2360.49,117682,277787184.18,4903,45.24
2026-01-15,HINDUNILVR,FMCG,2344.67,2363.62,2329.54,2343.44,150747,353266549.68,6554,41.29
2026-01-16,HINDUNILVR,FMCG,2337.42,2345.86,2325.85,2342.7,95867,224587620.9,3994,67.83
2026-01-19,HINDUNILVR,FMCG,2283.76,2289.04,2262.13,2278.7,68737,156631001.9,3617,37.14
2026-01-20,HINDUNILVR,FMCG,2328.58,2345.58,2292.61,2314.45,96441,223207872.45,6027,50.28
2026-01-21,HINDUNILVR,FMCG,2366.17,2383.57,2358.25,2368.5,89571,212148913.5,4071,66.7
2026-01-22,HINDUNILVR,FMCG,2337.53,2357.82,2332.43,2345.08,96121,225411434.68,5340,65.43
2026-01-23,HINDUNILVR,FMCG,2336.61,2349.41,2324.97,2340.57,286740,671135041.8,15091,40.11
2026-01-26,HINDUNILVR,FMCG,2332.28,2353.41,2317.98,2329.55,259906,605464022.3,9626,65.09
2026-01-27,HINDUNILVR,FMCG,2362.12,2368.05,2337.71,2340.48,97986,229334273.28,5763,63.88
2026-01-28,HINDUNILVR,FMCG,2285.41,2304.73,2282.76,2290.37,145714,333738974.18,9107,51.4
2026-01-29,HINDUNILVR,FMCG,2315.33,2322.16,2300.52,2320.8,148390,344383512.0,8728,74.41
2026-01-30,HINDUNILVR,FMCG,2282.95,2312.26,2276.88,2296.97,172604,396466209.88,6638,55.24
2026-02-02,HINDUNILVR,FMCG,2252.9,2274.37,2245.05,2264.09,261965,593112336.85,10915,41.72
2026-02-03,HINDUNILVR,FMCG,2263.9,2293.68,2248.75,2282.06,113562,259155297.72,7570,54.74
2026-02-04,HINDUNILVR,FMCG,2316.74,2336.39,2308.36,2326.41,99297,231005533.77,5841,55.01
2026-02-05,HINDUNILVR,FMCG,2286.91,2305.81,2277.84,2284.44,75606,172717370.64,4725,39.98
2026-02-06,HINDUNILVR,FMCG,2229.78,2265.69,2209.26,2250.48,78834,177414340.32,4379,42.83
2026-02-09,HINDUNILVR,FMCG,2289.57,2301.35,2272.89,2292.84,227735,522159917.4,9901,58.38
2026-02-10,HINDUNILVR,FMCG,2266.62,2285.69,2245.25,2275.23,339588,772640805.24,17873,72.13
2026-02-11,HINDUNILVR,FMCG,2264.13,2269.24,2252.75,2268.07,162128,367717652.96,7720,74.56
2026-02-12,HINDUNILVR,FMCG,2193.08,2203.88,2189.76,2193.35,161091,353328944.85,10739,51.25
2026-02-13,HINDUNILVR,FMCG,2128.68,2138.02,2121.46,2129.44,114236,243258707.84,6719,64.69
2026-02-16,HINDUNILVR,FMCG,2126.24,2154.35,2117.73,2135.59,121012,258432017.08,7563,56.85
2026-02-17,HINDUNILVR,FMCG,2166.13,2169.73,2138.67,2159.57,158833,343010981.81,7563,41.92
2026-02-18,HINDUNILVR,FMCG,2177.2,2187.23,2164.85,2180.94,202080,440724355.2,12630,57.95
2026-02-19,HINDUNILVR,FMCG,2183.68,2186.69,2160.83,2176.18,56575,123117383.5,2175,47.43
2026-02-20,HINDUNILVR,FMCG,2153.56,2180.21,2152.67,2165.86,319070,691060950.2,15953,55.46
2026-02-23,HINDUNILVR,FMCG,2128.99,2142.46,2103.76,2122.34,153049,324822014.66,7652,59.6
2026-02-24,HINDUNILVR,FMCG,2105.03,2125.16,2091.76,2108.48,359851,758738636.48,17992,74.2
2026-02-25,HINDUNILVR,FMCG,2104.86,2110.08,2070.15,2095.33,229724,481347588.92,7921,55.49
2026-02-26,HINDUNILVR,FMCG,2145.86,2151.3,2126.68,2143.51,176871,379124757.21,8422,71.2
2026-02-27,HINDUNILVR,FMCG,2156.51,2171.31,2150.36,2160.69,159168,343912705.92,7958,47.98
2026-03-02,HINDUNILVR,FMCG,2120.79,2137.98,2115.18,2118.13,268543,568808984.59,13427,43.32
2026-03-03,HINDUNILVR,FMCG,2129.61,2140.43,2116.57,2127.13,210109,446929157.17,8754,57.85
2026-03-04,HINDUNILVR,FMCG,2109.12,2127.94,2091.32,2098.64,114985,241312120.4,5226,53.39
2026-03-05,HINDUNILVR,FMCG,2086.25,2094.63,2062.89,2082.81,126793,264085728.33,8452,67.9
2026-03-06,HINDUNILVR,FMCG,2085.71,2098.89,2074.01,2086.37,91562,191032209.94,5086,69.53
2026-03-09,HINDUNILVR,FMCG,2132.84,2134.76,2101.1,2121.31,197019,417938374.89,7036,66.88
2026-03-10,HINDUNILVR,FMCG,2148.64,2157.55,2134.61,2142.48,288146,617347042.08,13097,39.86
2026-03-11,HINDUNILVR,FMCG,2156.59,2168.11,2148.95,2157.75,181247,391085714.25,9062,45.27
2026-03-12,HINDUNILVR,FMCG,2110.49,2140.96,2094.26,2123.94,187539,398321583.66,9870,42.04
2026-03-13,HINDUNILVR,FMCG,2065.61,2077.45,2065.11,2068.18,194509,402279623.62,6946,70.63
2026-03-16,HINDUNILVR,FMCG,2099.3,2102.98,2083.67,2099.79,347919,730556837.01,13381,46.25
2026-03-17,HINDUNILVR,FMCG,2089.24,2104.88,2059.31,2075.52,142614,295998209.28,8389,52.56
2026-03-18,HINDUNILVR,FMCG,2069.24,2083.09,2043.71,2075.65,233678,485033740.7,8654,36.79
2026-03-19,HINDUNILVR,FMCG,2020.64,2033.8,2014.68,2023.5,283321,573300043.5,12878,68.95
2026-03-20,HINDUNILVR,FMCG,2039.99,2055.71,2020.62,2034.07,397376,808290600.32,23375,48.52
2026-03-23,HINDUNILVR,FMCG,2037.32,2051.88,2023.27,2047.81,126134,258298466.54,8408,35.56
2026-03-24,HINDUNILVR,FMCG,2067.3,2080.48,2054.1,2068.64,398456,824262019.84,17324,50.22
2026-03-25,HINDUNILVR,FMCG,2106.36,2123.43,2094.82,2107.41,170354,359005723.14,7743,73.96
2026-03-26,HINDUNILVR,FMCG,2143.96,2162.38,2140.56,2152.41,280864,604534482.24,11702,72.79
2026-03-27,HINDUNILVR,FMCG,2192.27,2197.82,2181.19,2193.34,161589,354419617.26,6732,35.48
2026-03-30,HINDUNILVR,FMCG,2178.37,2189.52,2165.39,2173.89,133446,290096924.94,7023,46.9
2026-03-31,HINDUNILVR,FMCG,2173.3,2210.35,2165.07,2186.04,148384,324373359.36,7065,66.12
2026-04-01,HINDUNILVR,FMCG,2233.46,2249.59,2210.66,2215.55,128261,284168658.55,5344,51.85
2026-04-02,HINDUNILVR,FMCG,2199.57,2219.69,2188.78,2200.36,185345,407825724.2,8424,56.55
2026-04-03,HINDUNILVR,FMCG,2243.1,2257.77,2227.93,2252.66,125982,283794612.12,4845,46.29
2026-04-06,HINDUNILVR,FMCG,2161.58,2199.2,2158.43,2174.04,181691,395003501.64,9084,53.48
2026-04-07,HINDUNILVR,FMCG,2248.79,2264.88,2238.44,2245.66,135512,304313877.92,5646,61.84
2026-04-08,HINDUNILVR,FMCG,2275.94,2300.92,2244.86,2268.57,191285,433943412.45,7357,40.95
2026-04-09,HINDUNILVR,FMCG,2313.85,2314.8,2295.82,2304.65,222257,512224595.05,10102,74.02
2026-04-10,HINDUNILVR,FMCG,2256.12,2270.96,2252.18,2257.51,306938,692915604.38,16154,56.81
2026-04-13,HINDUNILVR,FMCG,2251.15,2260.48,2242.46,2247.22,185519,416902007.18,9275,74.22
2026-04-14,HINDUNILVR,FMCG,2192.46,2205.48,2187.45,2189.22,92987,203569000.14,4226,36.83
2026-04-15,HINDUNILVR,FMCG,2169.8,2185.6,2152.6,2172.71,98750,214555112.5,5486,41.59
2026-04-16,HINDUNILVR,FMCG,2183.45,2203.45,2157.14,2175.33,224997,489442724.01,11249,52.61
2026-04-17,HINDUNILVR,FMCG,2182.26,2186.52,2159.07,2168.43,170724,370203043.32,6566,50.6
2026-04-20,HINDUNILVR,FMCG,2161.33,2167.98,2128.45,2148.22,98440,211470776.8,4687,64.46
2026-04-21,HINDUNILVR,FMCG,2149.62,2175.52,2146.85,2153.7,198038,426514440.6,9901,49.93
2026-04-22,HINDUNILVR,FMCG,2171.27,2188.93,2159.76,2177.37,172481,375554954.97,10780,64.39
2026-04-23,HINDUNILVR,FMCG,2216.04,2231.39,2206.87,2214.32,207068,458514813.76,9412,55.93
2026-04-24,HINDUNILVR,FMCG,2182.14,2199.6,2164.94,2180.96,181942,396808224.32,10702,67.32
2026-04-27,HINDUNILVR,FMCG,2211.63,2233.51,2203.15,2223.39,171339,380953419.21,7449,40.42
2026-04-28,HINDUNILVR,FMCG,2232.09,2248.46,2220.7,2226.93,235398,524214868.14,15693,38.89
2026-04-29,HINDUNILVR,FMCG,2314.67,2317.84,2304.06,2307.28,284647,656760330.16,10165,60.24
2026-04-30,HINDUNILVR,FMCG,2294.77,2313.09,2275.11,2309.3,391621,904370375.3,19581,39.52
2026-05-01,HINDUNILVR,FMCG,2289.16,2319.02,2274.96,2294.72,191818,440168600.96,6850,47.52
2026-05-04,HINDUNILVR,FMCG,2304.64,2316.72,2274.79,2284.61,155547,355364231.67,6762,44.7
2026-05-05,HINDUNILVR,FMCG,2230.81,2243.51,2209.71,2222.44,176626,392540687.44,8410,66.35
2026-05-06,HINDUNILVR,FMCG,2249.86,2260.03,2225.48,2240.04,67002,150087160.08,3722,72.1
2026-05-07,HINDUNILVR,FMCG,2244.04,2255.75,2239.31,2241.96,84212,188799935.52,4432,49.79
2026-05-08,HINDUNILVR,FMCG,2247.9,2282.89,2225.6,2259.94,145638,329133141.72,8091,57.5
2026-05-11,HINDUNILVR,FMCG,2225.02,2240.03,2223.92,2224.85,268466,597296580.1,13423,66.73
2026-05-12,HINDUNILVR,FMCG,2192.04,2198.18,2170.79,2180.73,212815,464092054.95,8512,45.17
2026-05-13,HINDUNILVR,FMCG,2140.22,2155.91,2120.02,2145.82,209898,450403326.36,8745,72.8
2026-05-14,HINDUNILVR,FMCG,2110.6,2117.46,2100.96,2114.85,182399,385746525.15,6289,37.93
2026-05-15,HINDUNILVR,FMCG,2113.93,2139.89,2091.13,2108.5,166620,351318270.0,10413,57.13
2026-05-18,HINDUNILVR,FMCG,2123.39,2132.14,2105.48,2129.57,393761,838541612.77,16406,47.37
2026-05-19,HINDUNILVR,FMCG,2082.41,2104.91,2075.24,2091.91,44839,93799152.49,2491,46.26
2026-05-20,HINDUNILVR,FMCG,2178.87,2196.75,2157.99,2180.45,105472,229976422.4,5273,52.22
2026-05-21,HINDUNILVR,FMCG,2226.4,2236.7,2207.86,2217.27,197080,436979571.6,12317,45.64
2026-05-22,HINDUNILVR,FMCG,2186.21,2208.84,2180.67,2195.96,98188,215616920.48,6136,66.15
2026-05-25,HINDUNILVR,FMCG,2195.83,2233.55,2184.24,2213.7,197999,438310386.3,8608,64.93
2026-05-26,HINDUNILVR,FMCG,2153.31,2168.29,2147.4,2153.32,150282,323605236.24,8349,62.33
2026-05-27,HINDUNILVR,FMCG,2157.68,2158.58,2127.62,2152.05,88231,189877523.55,3836,66.32
2026-05-28,HINDUNILVR,FMCG,2166.68,2186.99,2150.03,2168.13,540163,1171143605.19,22506,62.82
2026-05-29,HINDUNILVR,FMCG,2254.48,2273.57,2244.31,2245.19,74385,167008458.15,4132,55.0
2026-06-01,HINDUNILVR,FMCG,2225.38,2245.15,2222.44,2228.67,147878,329571262.26,8698,51.34
2026-06-02,HINDUNILVR,FMCG,2223.56,2238.26,2204.79,2225.59,241673,537865012.07,13426,39.93
2026-06-03,HINDUNILVR,FMCG,2218.32,2226.05,2214.0,2214.71,313396,694081255.16,12053,43.98
2026-06-04,HINDUNILVR,FMCG,2209.76,2216.03,2195.19,2210.05,111008,245333230.4,3827,64.97
2026-06-05,HINDUNILVR,FMCG,2194.58,2211.09,2187.69,2201.28,209226,460565009.28,12307,42.17
2026-06-08,HINDUNILVR,FMCG,2217.31,2226.63,2197.57,2219.46,51409,114100219.14,2142,49.16
2026-06-09,HINDUNILVR,FMCG,2268.72,2296.05,2261.98,2277.36,204770,466335007.2,8190,74.48
2026-06-10,HINDUNILVR,FMCG,2266.53,2273.37,2259.51,2269.77,140853,319703913.81,5216,61.02
2026-06-11,HINDUNILVR,FMCG,2324.83,2349.46,2320.43,2334.06,152685,356375951.1,5265,63.56
2026-06-12,HINDUNILVR,FMCG,2280.91,2317.1,2274.01,2292.39,84503,193713832.17,4694,71.98
2026-06-15,HINDUNILVR,FMCG,2277.11,2296.02,2251.17,2283.76,342439,782048490.64,19024,60.01
2026-06-16,HINDUNILVR,FMCG,2357.82,2369.41,2343.98,2347.64,659945,1549313279.8,29997,44.64
2026-06-17,HINDUNILVR,FMCG,2295.29,2315.31,2284.24,2304.8,150132,346024233.6,8340,56.81
2026-06-18,HINDUNILVR,FMCG,2361.35,2379.21,2317.16,2341.96,118813,278255293.48,6989,71.85
2026-06-19,HINDUNILVR,FMCG,2353.6,2368.92,2329.12,2342.77,294940,690976583.8,10533,60.35
2025-12-22,BAJFINANCE,NBFC,7097.7,7108.5,7065.34,7100.0,185754,1318853400.0,9287,51.33
2025-12-23,BAJFINANCE,NBFC,7342.23,7389.29,7308.23,7317.47,116531,852712096.57,4855,65.5
2025-12-24,BAJFINANCE,NBFC,7150.32,7198.7,7088.7,7127.91,337844,2408121626.04,12994,62.87
2025-12-25,BAJFINANCE,NBFC,7362.25,7422.35,7359.4,7370.95,145579,1073055530.05,8087,55.02
2025-12-26,BAJFINANCE,NBFC,7508.6,7549.98,7404.97,7471.28,688042,5140554433.76,27521,42.89
2025-12-29,BAJFINANCE,NBFC,7700.45,7774.05,7656.99,7707.4,185703,1431287302.2,9285,59.48
2025-12-30,BAJFINANCE,NBFC,7766.88,7777.14,7703.42,7770.63,333715,2593175790.45,17563,73.9
2025-12-31,BAJFINANCE,NBFC,7966.71,7989.32,7872.48,7951.86,151233,1202583643.38,6874,42.08
2026-01-01,BAJFINANCE,NBFC,8074.99,8118.53,7986.4,8030.0,77319,620871570.0,4832,62.19
2026-01-02,BAJFINANCE,NBFC,7929.68,8056.18,7874.35,7989.62,102534,819207697.08,4458,64.02
2026-01-05,BAJFINANCE,NBFC,7888.09,8018.69,7831.95,7956.92,184974,1471823320.08,10276,73.55
2026-01-06,BAJFINANCE,NBFC,7727.51,7790.02,7709.36,7779.85,215334,1675266219.9,13458,54.77
2026-01-07,BAJFINANCE,NBFC,7641.78,7761.49,7582.22,7696.53,187078,1439851439.34,7195,55.57
2026-01-08,BAJFINANCE,NBFC,7857.96,7918.65,7839.73,7874.06,153857,1211479249.42,5494,40.89
2026-01-09,BAJFINANCE,NBFC,7516.07,7554.96,7436.66,7522.63,196636,1479219872.68,13109,61.06
2026-01-12,BAJFINANCE,NBFC,7633.73,7650.74,7514.27,7541.26,268231,2022799711.06,15778,63.93
2026-01-13,BAJFINANCE,NBFC,7520.76,7547.38,7463.24,7514.56,187259,1407168991.04,9855,55.73
2026-01-14,BAJFINANCE,NBFC,7493.92,7603.73,7439.15,7526.94,820554,6176260724.76,48267,67.7
2026-01-15,BAJFINANCE,NBFC,7666.91,7671.96,7631.56,7662.76,144255,1105391443.8,6557,52.15
2026-01-16,BAJFINANCE,NBFC,7695.15,7753.14,7651.91,7703.26,189172,1457241100.72,9458,63.89
2026-01-19,BAJFINANCE,NBFC,7591.7,7606.54,7550.83,7583.98,169228,1283421767.44,10576,64.63
2026-01-20,BAJFINANCE,NBFC,7720.26,7749.66,7680.01,7726.0,153958,1189479508.0,5498,61.5
2026-01-21,BAJFINANCE,NBFC,7790.4,7828.11,7747.78,7824.25,168440,1317916670.0,10527,51.85
2026-01-22,BAJFINANCE,NBFC,7672.77,7771.16,7639.86,7702.25,107296,826420616.0,5647,45.74
2026-01-23,BAJFINANCE,NBFC,7369.65,7440.45,7307.57,7428.12,207515,1541446321.8,8300,36.81
2026-01-26,BAJFINANCE,NBFC,7307.36,7368.13,7260.43,7329.29,71600,524777164.0,2468,69.12
2026-01-27,BAJFINANCE,NBFC,7447.41,7493.67,7344.78,7378.55,106058,782554255.9,7070,45.17
2026-01-28,BAJFINANCE,NBFC,7557.89,7596.09,7466.34,7516.67,347015,2608397240.05,20412,45.93
2026-01-29,BAJFINANCE,NBFC,7588.82,7597.3,7497.91,7560.9,120926,914309393.4,5038,59.93
2026-01-30,BAJFINANCE,NBFC,7798.28,7801.34,7680.57,7761.02,330699,2566561552.98,15747,72.42
2026-02-02,BAJFINANCE,NBFC,7792.35,7861.22,7757.54,7805.51,89451,698210675.01,5590,74.13
2026-02-03,BAJFINANCE,NBFC,7691.13,7698.75,7646.21,7697.86,306478,2359224737.08,17026,61.58
2026-02-04,BAJFINANCE,NBFC,8014.64,8041.21,8007.51,8015.12,122069,978397683.28,4882,67.9
2026-02-05,BAJFINANCE,NBFC,7956.43,8038.61,7894.94,7987.5,260220,2078507250.0,10842,55.31
2026-02-06,BAJFINANCE,NBFC,7906.82,7954.57,7890.74,7926.99,128960,1022264630.4,5606,41.55
2026-02-09,BAJFINANCE,NBFC,7784.87,7867.35,7732.69,7835.14,135656,1062883751.84,5426,40.57
2026-02-10,BAJFINANCE,NBFC,7533.03,7582.21,7482.01,7534.62,318474,2399580569.88,10981,72.58
2026-02-11,BAJFINANCE,NBFC,7619.87,7650.51,7576.8,7626.73,168227,1283021907.71,5800,45.91
2026-02-12,BAJFINANCE,NBFC,7593.04,7659.59,7571.04,7594.99,179971,1366877945.29,9472,59.32
2026-02-13,BAJFINANCE,NBFC,7748.36,7807.03,7662.56,7724.48,208676,1611913588.48,8026,63.02
2026-02-16,BAJFINANCE,NBFC,7662.68,7671.08,7597.54,7645.12,169212,1293646045.44,9953,67.08
2026-02-17,BAJFINANCE,NBFC,7911.93,7955.47,7849.88,7900.15,97790,772555668.5,3621,54.79
2026-02-18,BAJFINANCE,NBFC,8049.2,8105.23,8016.44,8091.85,195751,1583987729.35,7528,73.17
2026-02-19,BAJFINANCE,NBFC,8006.56,8080.33,7952.52,8021.32,138196,1108514338.72,9213,44.84
2026-02-20,BAJFINANCE,NBFC,8195.16,8260.04,8143.11,8181.24,190592,1559278894.08,11912,40.47
2026-02-23,BAJFINANCE,NBFC,8190.46,8255.85,8134.18,8171.92,265202,2167209527.84,12628,36.4
2026-02-24,BAJFINANCE,NBFC,8271.56,8364.59,8234.32,8261.79,255031,2107012565.49,10201,72.13
2026-02-25,BAJFINANCE,NBFC,8532.59,8607.75,8483.03,8516.67,117915,1004243143.05,4913,61.83
2026-02-26,BAJFINANCE,NBFC,8828.15,8852.89,8745.71,8781.85,264077,2319084602.45,13203,46.91
2026-02-27,BAJFINANCE,NBFC,8501.49,8557.39,8475.76,8515.5,273846,2331935613.0,10142,67.04
2026-03-02,BAJFINANCE,NBFC,8351.01,8442.79,8278.21,8390.57,177330,1487899778.1,6333,48.56
2026-03-03,BAJFINANCE,NBFC,8210.76,8283.26,8162.53,8212.63,602375,4947082996.25,28684,42.39
2026-03-04,BAJFINANCE,NBFC,8177.46,8258.81,8159.12,8201.69,215717,1769243961.73,14381,71.57
2026-03-05,BAJFINANCE,NBFC,8118.27,8197.71,8098.37,8154.95,175537,1431495458.15,6269,57.17
2026-03-06,BAJFINANCE,NBFC,8049.17,8172.13,8018.04,8140.99,167094,1360310583.06,6962,63.79
2026-03-09,BAJFINANCE,NBFC,8130.61,8178.82,8027.47,8107.77,487039,3948800193.03,18038,44.5
2026-03-10,BAJFINANCE,NBFC,8143.75,8193.39,8111.54,8131.36,314155,2554507400.8,12082,49.96
2026-03-11,BAJFINANCE,NBFC,8023.3,8068.26,7921.3,8012.09,119085,954119737.65,4410,59.76
2026-03-12,BAJFINANCE,NBFC,7999.81,8067.88,7899.92,7971.33,171445,1366644671.85,7454,38.59
2026-03-13,BAJFINANCE,NBFC,8026.08,8067.54,7963.05,8021.6,131733,1056709432.8,6273,53.99
2026-03-16,BAJFINANCE,NBFC,8195.84,8291.56,8178.49,8195.88,193738,1587853399.44,8423,68.98
2026-03-17,BAJFINANCE,NBFC,8067.16,8185.43,8023.89,8113.55,147071,1193267912.05,8651,36.55
2026-03-18,BAJFINANCE,NBFC,8197.15,8310.8,8113.85,8271.86,201990,1670833001.4,7481,38.34
2026-03-19,BAJFINANCE,NBFC,8177.51,8180.89,8146.45,8165.2,113250,924708900.0,4194,43.91
2026-03-20,BAJFINANCE,NBFC,8202.51,8267.09,8167.89,8180.26,88352,722742331.52,4908,67.33
2026-03-23,BAJFINANCE,NBFC,8199.14,8281.53,8192.1,8222.98,222471,1829374583.58,7671,72.57
2026-03-24,BAJFINANCE,NBFC,8720.63,8776.0,8681.73,8729.45,156163,1363217100.35,7808,62.99
2026-03-25,BAJFINANCE,NBFC,8798.76,8855.91,8724.72,8795.07,197810,1739752796.7,7912,64.32
2026-03-26,BAJFINANCE,NBFC,9117.4,9150.41,9071.28,9140.52,90168,824182407.36,3109,47.27
2026-03-27,BAJFINANCE,NBFC,9134.74,9157.76,9070.76,9081.57,119209,1082604878.13,4768,59.6
2026-03-30,BAJFINANCE,NBFC,8913.84,9025.29,8812.96,8952.64,238489,2135106160.96,14028,73.6
2026-03-31,BAJFINANCE,NBFC,8922.8,9014.71,8871.12,8959.75,87628,785124973.0,5154,68.3
2026-04-01,BAJFINANCE,NBFC,9471.29,9491.89,9439.9,9490.9,373140,3541434426.0,13820,62.94
2026-04-02,BAJFINANCE,NBFC,9446.36,9478.38,9382.0,9460.4,97924,926400209.6,4663,47.21
2026-04-03,BAJFINANCE,NBFC,9486.71,9541.4,9422.21,9512.64,105846,1006874893.44,4233,46.72
2026-04-06,BAJFINANCE,NBFC,9405.12,9467.34,9402.83,9430.26,114749,1082112904.74,6374,38.92
2026-04-07,BAJFINANCE,NBFC,9549.0,9636.91,9505.9,9536.74,365460,3485297000.4,14056,60.23
2026-04-08,BAJFINANCE,NBFC,9514.4,9579.4,9440.55,9518.98,187941,1789006620.18,7830,39.89
2026-04-09,BAJFINANCE,NBFC,9360.28,9434.67,9317.94,9396.96,275485,2588721525.6,16205,49.19
2026-04-10,BAJFINANCE,NBFC,9490.44,9523.96,9436.76,9488.96,234843,2228415833.28,8387,57.47
2026-04-13,BAJFINANCE,NBFC,9471.32,9524.72,9357.72,9439.98,132790,1253534944.2,4918,64.15
2026-04-14,BAJFINANCE,NBFC,9573.6,9642.74,9528.82,9544.29,225010,2147560692.9,10714,64.01
2026-04-15,BAJFINANCE,NBFC,9561.28,9684.34,9487.0,9515.82,128657,1224276853.74,4594,44.02
2026-04-16,BAJFINANCE,NBFC,9627.82,9679.89,9475.03,9533.05,88328,842035240.4,3154,48.41
2026-04-17,BAJFINANCE,NBFC,8915.21,8961.17,8824.9,8853.32,118252,1046922796.64,4927,67.4
2026-04-20,BAJFINANCE,NBFC,8666.6,8730.47,8558.45,8638.31,119140,1029168253.4,4765,61.27
2026-04-21,BAJFINANCE,NBFC,8558.81,8631.34,8502.96,8540.81,125375,1070804053.75,5015,51.97
2026-04-22,BAJFINANCE,NBFC,8670.25,8712.96,8615.55,8630.09,196393,1694889265.37,9352,38.21
2026-04-23,BAJFINANCE,NBFC,8592.69,8661.65,8560.17,8631.0,358283,3092340573.0,15577,50.67
2026-04-24,BAJFINANCE,NBFC,8957.23,9053.34,8848.98,8979.97,165726,1488214508.22,6629,54.84
2026-04-27,BAJFINANCE,NBFC,9062.6,9174.76,9055.68,9112.6,150449,1370981557.4,8358,59.37
2026-04-28,BAJFINANCE,NBFC,8950.38,9000.51,8860.82,8944.31,217464,1945065429.84,13591,54.09
2026-04-29,BAJFINANCE,NBFC,9209.06,9241.36,9146.66,9148.23,238136,2178522899.28,9525,41.78
2026-04-30,BAJFINANCE,NBFC,9161.09,9162.12,9054.52,9138.09,206478,1886814547.02,9832,51.54
2026-05-01,BAJFINANCE,NBFC,9004.49,9110.95,8936.77,8952.0,185723,1662592296.0,9286,51.06
2026-05-04,BAJFINANCE,NBFC,8946.83,9006.6,8864.27,8959.51,164326,1472280440.26,8216,61.58
2026-05-05,BAJFINANCE,NBFC,8812.3,8927.37,8804.81,8890.02,159489,1417860399.78,7594,41.8
2026-05-06,BAJFINANCE,NBFC,9046.88,9104.36,8974.67,9076.45,226119,2052357797.55,15074,62.5
2026-05-07,BAJFINANCE,NBFC,8785.68,8923.05,8691.17,8846.16,67623,598203877.68,3381,39.59
2026-05-08,BAJFINANCE,NBFC,8972.51,9041.91,8927.97,8946.89,202252,1809526396.28,13483,53.78
2026-05-11,BAJFINANCE,NBFC,9139.05,9187.99,9050.87,9135.44,248881,2273637442.64,13099,57.62
2026-05-12,BAJFINANCE,NBFC,9274.09,9320.01,9211.54,9273.17,122124,1132476613.08,4697,36.8
2026-05-13,BAJFINANCE,NBFC,9014.75,9115.33,8939.56,9047.42,129772,1174101788.24,7209,62.27
2026-05-14,BAJFINANCE,NBFC,9024.5,9053.73,8959.28,8995.73,53637,482503970.01,2681,48.42
2026-05-15,BAJFINANCE,NBFC,8894.96,8937.05,8847.16,8910.19,121391,1081616874.29,7586,49.01
2026-05-18,BAJFINANCE,NBFC,9019.53,9100.1,8912.38,8998.28,152490,1372147717.2,8970,48.32
2026-05-19,BAJFINANCE,NBFC,9004.8,9070.39,8991.87,9022.84,161451,1456746540.84,8072,40.65
2026-05-20,BAJFINANCE,NBFC,9087.56,9164.01,9029.42,9122.65,81947,747573799.55,2926,65.14
2026-05-21,BAJFINANCE,NBFC,9205.81,9282.69,9136.81,9180.16,63928,586869268.48,2458,51.41
2026-05-22,BAJFINANCE,NBFC,9184.56,9294.81,9156.94,9163.43,75185,688952484.55,3580,38.06
2026-05-25,BAJFINANCE,NBFC,9248.53,9317.72,9178.08,9246.31,50582,467696852.42,1806,60.78
2026-05-26,BAJFINANCE,NBFC,8935.87,8997.21,8876.13,8922.09,59668,532363266.12,3729,36.05
2026-05-27,BAJFINANCE,NBFC,8761.13,8822.16,8718.3,8775.91,106881,937978036.71,4858,65.01
2026-05-28,BAJFINANCE,NBFC,9051.01,9092.0,8934.92,8977.57,313686,2816138023.02,14937,44.19
2026-05-29,BAJFINANCE,NBFC,9500.17,9629.55,9444.11,9577.58,158908,1521954082.64,5885,56.16
2026-06-01,BAJFINANCE,NBFC,9901.89,9940.27,9778.44,9848.94,168574,1660275211.56,7329,50.65
2026-06-02,BAJFINANCE,NBFC,9872.54,9909.59,9835.38,9878.98,124196,1226929800.08,5399,37.7
2026-06-03,BAJFINANCE,NBFC,10145.61,10173.7,10012.14,10052.81,158601,1594385718.81,9329,74.34
2026-06-04,BAJFINANCE,NBFC,9802.36,9854.35,9732.6,9808.99,137112,1344930236.88,5484,48.7
2026-06-05,BAJFINANCE,NBFC,10027.58,10075.62,9967.46,10028.93,228502,2291630562.86,12026,64.88
2026-06-08,BAJFINANCE,NBFC,10066.12,10125.32,10015.68,10028.23,163723,1641851900.29,7118,47.06
2026-06-09,BAJFINANCE,NBFC,10396.16,10425.44,10279.72,10334.84,68331,706189952.04,2356,58.48
2026-06-10,BAJFINANCE,NBFC,10435.8,10558.65,10366.51,10422.37,171162,1783913693.94,7131,71.83
2026-06-11,BAJFINANCE,NBFC,10963.88,10995.37,10899.04,10955.83,444768,4872802597.44,17106,54.23
2026-06-12,BAJFINANCE,NBFC,10753.13,10832.03,10717.44,10742.3,100499,1079590407.7,5289,72.65
2026-06-15,BAJFINANCE,NBFC,11114.66,11226.09,11047.63,11101.88,237604,2637851095.52,9138,62.99
2026-06-16,BAJFINANCE,NBFC,11480.6,11531.57,11389.15,11486.77,226411,2600731082.47,7807,63.89
2026-06-17,BAJFINANCE,NBFC,11477.16,11539.24,11342.94,11375.65,50174,570761863.1,3344,60.73
2026-06-18,BAJFINANCE,NBFC,11362.16,11402.23,11297.38,11370.97,171125,1945857241.25,5900,49.45
2026-06-19,BAJFINANCE,NBFC,11780.1,11842.59,11645.27,11708.87,164235,1923006264.45,6082,54.62
